ts,temp_f,humidity_pct,wind_mph,pressure_inhg,rain_in,source
2026-07-26 21:30:00,72.2,68,6,29.66,0,api
2026-07-26 22:00:00,72.8,69,8,29.651,0,api
2026-07-26 22:30:00,75.1,66,6,29.643,0,api
2026-07-26 23:00:00,75.3,64,4,29.635,0,api
2026-07-26 23:30:00,74.7,65,8,29.629,0,api
2026-07-27 00:00:00,75,65,7,29.624,0,api
2026-07-27 00:30:00,77,63,7,29.621,0,api
2026-07-27 01:00:00,75.1,65,7,29.625,0,api
2026-07-27 01:30:00,75.7,64,5,29.62,0,api
2026-07-27 02:00:00,75.7,65,6,29.613,0,api
2026-07-27 02:30:00,75.7,65,4,29.608,0,api
2026-07-27 03:00:00,78.1,62,4,29.606,0,api
2026-07-27 03:30:00,76.5,64,5,29.603,0,api
2026-07-27 04:00:00,78.4,62,4,29.607,0,api
2026-07-27 04:30:00,77.6,62,6,29.605,0,api
2026-07-27 05:00:00,76.9,63,6,29.61,0,api
2026-07-27 05:30:00,76.5,64,5,29.613,0,api
2026-07-27 06:00:00,75.7,65,4,29.614,0,api
2026-07-27 06:30:00,74.6,68,2,29.623,0,api
2026-07-27 07:00:00,71.9,74,1,29.628,0,api
2026-07-27 07:30:00,70.4,77,1,29.644,0,api
2026-07-27 08:00:00,69.3,79,2,29.652,0,api
2026-07-27 08:30:00,68.3,82,0,29.658,0,api
2026-07-27 09:00:00,67.3,84,0,29.662,0,api
2026-07-27 09:30:00,66.4,85,0,29.659,0,api
2026-07-27 10:00:00,66,86,0,29.664,0,api
2026-07-27 10:30:00,65.7,87,0,29.663,0,api
2026-07-27 11:00:00,64.9,88,0,29.672,0,api
2026-07-27 11:30:00,64.7,89,1,29.672,0,api
2026-07-27 12:00:00,64.1,90,1,29.678,0,api
2026-07-27 12:30:00,63.6,91,1,29.682,0,api
2026-07-27 13:00:00,63.2,91,1,29.678,0,api
2026-07-27 13:30:00,63,92,1,29.677,0,api
2026-07-27 14:00:00,62.5,92,0,29.674,0,api
2026-07-27 14:30:00,62.7,92,1,29.68,0,api
2026-07-27 15:00:00,63,91,1,29.678,0,api
2026-07-27 15:30:00,63,91,1,29.682,0,api
2026-07-27 16:00:00,62.6,91,0,29.681,0,api
2026-07-27 16:30:00,61.6,90,0,29.679,0,api
2026-07-27 17:00:00,61.2,92,0,29.687,0,api
2026-07-27 17:30:00,60.7,92,0,29.693,0,api
2026-07-27 18:00:00,61.5,93,0,29.704,0,api
2026-07-27 18:30:00,64.3,92,0,29.709,0,api
2026-07-27 19:00:00,67.8,84,0,29.714,0,api
2026-07-27 19:30:00,70.1,80,1,29.713,0,api
2026-07-27 20:00:00,71.1,76,2,29.707,0,api
2026-07-27 20:30:00,72,71,3,29.714,0,api
2026-07-27 21:00:00,73.6,69,3,29.712,0,api
2026-07-27 21:30:00,75.8,66,2,29.712,0,api
2026-07-27 22:00:00,76.5,65,2,29.706,0,api
2026-07-27 22:30:00,77.6,64,3,29.701,0,api
2026-07-27 23:00:00,80.3,61,2,29.699,0,api
2026-07-27 23:30:00,79,64,3,29.689,0,api
2026-07-28 00:00:00,80.6,61,3,29.682,0,api
2026-07-28 00:30:00,80.3,63,3,29.673,0,api
2026-07-28 01:00:00,81.6,59,4,29.665,0,api
2026-07-28 01:30:00,82.3,60,4,29.658,0,api
2026-07-28 02:00:00,81.1,62,2,29.649,0,api
2026-07-28 02:30:00,82.1,61,3,29.648,0,api
2026-07-28 03:00:00,82.1,59,3,29.644,0,api
2026-07-28 03:30:00,82.8,58,5,29.635,0,api
2026-07-28 04:00:00,83,58,3,29.631,0,api
2026-07-28 04:30:00,82.3,58,4,29.632,0,api
2026-07-28 05:00:00,80.5,63,4,29.637,0,api
2026-07-28 05:30:00,78.8,69,3,29.631,0,api
2026-07-28 06:00:00,77.9,74,2,29.622,0,api
2026-07-28 06:30:00,76.5,76,2,29.615,0,api
2026-07-28 07:00:00,75.8,77,3,29.62,0,api
2026-07-28 07:30:00,75.4,78,3,29.63,0,api
2026-07-28 08:00:00,74.3,80,3,29.634,0,api
2026-07-28 08:30:00,73.6,82,3,29.636,0,api
2026-07-28 09:00:00,72.7,83,3,29.64,0,api
2026-07-28 09:30:00,72,85,3,29.641,0,api
2026-07-28 10:00:00,71.8,85,2,29.642,0,api
2026-07-28 10:30:00,71.5,86,2,29.642,0,api
2026-07-28 11:00:00,71.4,86,1,29.638,0,api
2026-07-28 11:30:00,71,86,1,29.637,0,api
2026-07-28 12:00:00,70.8,85,1,29.636,0,api
2026-07-28 12:30:00,71.4,81,2,29.632,0,api
2026-07-28 13:00:00,71.9,80,3,29.629,0,api
2026-07-28 13:30:00,71.7,81,3,29.625,0,api
2026-07-28 14:00:00,71.5,82,3,29.615,0,api
2026-07-28 14:30:00,71.3,83,2,29.613,0,api
2026-07-28 15:00:00,71.3,84,2,29.609,0,api
2026-07-28 15:30:00,71.2,84,2,29.61,0,api
2026-07-28 16:00:00,70.9,85,1,29.607,0,api
2026-07-28 16:30:00,70.9,85,3,29.607,0,api
2026-07-28 17:00:00,70.7,86,3,29.603,0,api
2026-07-28 17:30:00,71,86,5,29.6,0,api
2026-07-28 18:00:00,71.7,86,2,29.599,0,api
2026-07-28 18:30:00,73,85,1,29.606,0,api
2026-07-28 19:00:00,73.9,86,2,29.606,0,api
2026-07-28 19:30:00,74.7,86,3,29.611,0,api
2026-07-28 20:00:00,75.3,86,2,29.612,0,api
2026-07-28 20:30:00,76.7,85,3,29.605,0,api
2026-07-28 21:00:00,77.6,83,3,29.609,0,api
2026-07-28 21:30:00,77.1,84,3,29.606,0,api
2026-07-28 22:00:00,75.8,88,3,29.6,0,api
2026-07-28 22:30:00,75.4,90,2,29.602,0,api
2026-07-28 23:00:00,74.4,91,3,29.593,0.01,api
2026-07-28 23:30:00,76.6,87,2,29.583,0,api
2026-07-29 00:00:00,77.9,85,3,29.566,0,api
2026-07-29 00:30:00,78.7,84,3,29.572,0,api
2026-07-29 01:00:00,74.4,84,6,29.572,0,api
2026-07-29 01:30:00,74.6,85,6,29.569,0,api
2026-07-29 02:00:00,73,85,9,29.564,0,api
2026-07-29 02:30:00,71.2,89,6,29.552,0.04,api
2026-07-29 03:00:00,71.2,89,4,29.565,0.01,api
2026-07-29 03:30:00,70.9,91,2,29.573,0.03,api
2026-07-29 04:00:00,69.7,93,4,29.589,0.01,api
2026-07-29 04:30:00,69.6,94,6,29.575,0.06,api
2026-07-29 05:00:00,69.3,94,4,29.576,0.04,api
2026-07-29 05:30:00,68.9,93,4,29.577,0,api
2026-07-29 06:00:00,68.4,93,2,29.581,0,api
2026-07-29 06:30:00,68.1,93,1,29.585,0,api
2026-07-29 07:00:00,68.5,92,4,29.555,0,api
2026-07-29 07:30:00,69.3,92,4,29.564,0.01,api
2026-07-29 08:00:00,69.1,92,2,29.569,0,api
2026-07-29 08:30:00,68.8,93,1,29.566,0,api
2026-07-29 09:00:00,68.5,94,1,29.583,0,api
2026-07-29 09:30:00,68.6,94,2,29.59,0,api
2026-07-29 10:00:00,68.5,93,3,29.601,0,api
2026-07-29 10:30:00,68.8,90,4,29.605,0,api
2026-07-29 11:00:00,68.2,90,3,29.586,0,api
2026-07-29 11:30:00,67.4,91,2,29.575,0,api
2026-07-29 12:00:00,66.8,92,1,29.576,0,api
2026-07-29 12:30:00,66.5,94,2,29.575,0,api
2026-07-29 13:00:00,66.1,94,1,29.569,0,api
2026-07-29 13:30:00,65.9,94,1,29.555,0,api
2026-07-29 14:00:00,65.8,95,1,29.549,0,api
2026-07-29 14:30:00,65.7,95,1,29.556,0,api
2026-07-29 15:00:00,65.6,95,1,29.552,0,api
2026-07-29 15:30:00,65.5,96,0,29.554,0,api
2026-07-29 16:00:00,65.9,96,0,29.559,0,api
2026-07-29 16:30:00,65.7,96,0,29.569,0,api
2026-07-29 17:00:00,66.2,96,2,29.584,0,api
2026-07-29 17:30:00,66.2,96,3,29.583,0,api
2026-07-29 18:00:00,66.6,96,3,29.596,0,api
2026-07-29 18:30:00,67.3,96,2,29.61,0,api
2026-07-29 19:00:00,67.7,96,3,29.609,0,api
2026-07-29 19:30:00,68.5,96,2,29.618,0,api
2026-08-28 10:00:00,70.8,92,3,29.634,0,api
2026-08-28 10:30:00,72.5,87,3,29.637,0,api
2026-08-28 11:00:00,74.4,83,3,29.645,0,api
2026-08-28 11:30:00,74.6,82,4,29.643,0,api
2026-08-28 12:00:00,75.9,80,5,29.637,0,api
2026-08-28 12:30:00,77.5,80,7,29.635,0,api
2026-08-28 13:00:00,78,78,7,29.634,0,api
2026-08-28 13:30:00,79.4,76,7,29.63,0,api
2026-08-28 14:00:00,79,76,6,29.63,0,api
2026-08-28 14:30:00,80,73,7,29.632,0,api
2026-08-28 15:00:00,81.1,72,5,29.632,0,api
2026-08-28 15:30:00,80.1,72,4,29.631,0,api
2026-08-28 16:00:00,80.9,69,5,29.624,0,api
2026-08-28 16:30:00,81.6,67,6,29.63,0,api
2026-08-28 17:00:00,82.3,65,5,29.624,0,api
2026-08-28 17:30:00,81.8,60,6,29.63,0,api
2026-08-28 18:00:00,81.6,60,7,29.636,0,api
2026-08-28 18:30:00,81,63,5,29.635,0,api
2026-08-28 19:00:00,79.8,67,4,29.634,0,api
2026-08-28 19:30:00,77.8,71,2,29.634,0,api
2026-08-28 20:00:00,75.9,73,1,29.642,0,api
2026-08-28 20:30:00,73.8,77,0,29.65,0,api
2026-08-28 21:00:00,72.6,79,1,29.663,0,api
2026-08-28 21:30:00,71.8,80,1,29.673,0,api
2026-08-28 22:00:00,70.8,81,0,29.678,0,api
2026-08-28 22:30:00,69.7,84,0,29.682,0,api
2026-08-28 23:00:00,69.7,84,1,29.694,0,api
2026-08-28 23:30:00,71.9,77,2,29.701,0,api
2026-08-29 00:00:00,71.2,78,2,29.705,0,api
2026-08-29 00:30:00,70.6,77,2,29.719,0,api
2026-08-29 01:00:00,69.6,79,4,29.734,0,api
2026-08-29 01:30:00,68.3,80,4,29.74,0,api
2026-08-29 02:00:00,67.1,81,3,29.747,0,api
2026-08-29 02:30:00,66,79,3,29.744,0,api
2026-08-29 03:00:00,65.2,77,2,29.749,0,api
2026-08-29 03:30:00,64.5,75,2,29.756,0,api
2026-08-29 04:00:00,64.1,75,3,29.764,0,api
2026-08-29 04:30:00,63.9,74,4,29.774,0,api
2026-08-29 05:00:00,63.3,75,4,29.782,0,api
2026-08-29 05:30:00,62.7,75,4,29.793,0,api
2026-08-29 06:00:00,62.2,75,4,29.806,0,api
2026-08-29 06:30:00,61.8,74,4,29.812,0,api
2026-08-29 07:00:00,62,73,5,29.827,0,api
2026-08-29 07:30:00,62.4,74,5,29.833,0,api
2026-08-29 08:00:00,63.3,73,4,29.835,0,api
2026-08-29 08:30:00,64,73,5,29.836,0,api
2026-08-29 09:00:00,65.3,71,5,29.838,0,api
2026-08-29 09:30:00,66.7,69,5,29.846,0,api
2026-08-29 10:00:00,67.7,66,5,29.848,0,api
2026-08-29 10:30:00,68.4,63,6,29.852,0,api
2026-08-29 11:00:00,69.1,63,7,29.857,0,api
2026-08-29 11:30:00,70.6,61,5,29.862,0,api
2026-08-29 12:00:00,71.4,58,5,29.861,0,api
2026-08-29 12:30:00,73.2,55,4,29.86,0,api
2026-08-29 13:00:00,74.1,54,4,29.86,0,api
2026-08-29 13:30:00,75.3,55,3,29.851,0,api
2026-08-29 14:00:00,76.1,51,4,29.843,0,api
2026-08-29 14:30:00,76.4,50,4,29.835,0,api
2026-08-29 15:00:00,77.2,49,4,29.828,0,api
2026-08-29 15:30:00,76.9,50,4,29.825,0,api
2026-08-29 16:00:00,77.9,52,5,29.821,0,api
2026-08-29 16:30:00,78.4,50,4,29.81,0,api
2026-08-29 17:00:00,77.6,49,4,29.791,0,api
2026-08-29 17:30:00,77.9,49,3,29.786,0,api
2026-08-29 18:00:00,78,50,3,29.798,0,api
2026-08-29 18:30:00,77.1,53,4,29.802,0,api
2026-08-29 19:00:00,75.7,58,3,29.805,0,api
2026-08-29 19:30:00,72.9,64,1,29.795,0,api
2026-08-29 20:00:00,69.5,68,1,29.788,0,api
2026-08-29 20:30:00,67.5,73,1,29.789,0,api
2026-08-29 21:00:00,66.3,75,0,29.805,0,api
2026-08-29 21:30:00,65.4,77,0,29.803,0,api
2026-08-29 22:00:00,64.5,78,1,29.806,0,api
2026-08-29 22:30:00,63.8,80,0,29.809,0,api
2026-08-29 23:00:00,62.9,81,0,29.816,0,api
2026-08-29 23:30:00,62.5,83,0,29.808,0,api
2026-08-30 00:00:00,61.8,84,0,29.81,0,api
2026-08-30 00:30:00,61.2,86,0,29.817,0,api
2026-08-30 01:00:00,60.5,86,0,29.821,0,api
2026-08-30 01:30:00,60.7,88,0,29.822,0,api
2026-08-30 02:00:00,59.7,89,1,29.824,0,api
2026-08-30 02:30:00,59.2,90,0,29.825,0,api
2026-08-30 03:00:00,59.2,90,0,29.814,0,api
2026-08-30 03:30:00,59.2,90,1,29.82,0,api
2026-08-30 04:00:00,60,90,1,29.812,0,api
2026-08-30 04:30:00,59.9,90,1,29.806,0,api
2026-08-30 05:00:00,59.9,90,1,29.8,0,api
2026-08-30 05:30:00,59.7,90,1,29.797,0,api
2026-08-30 06:00:00,60,90,1,29.803,0,api
2026-08-30 06:30:00,60.2,90,1,29.8,0,api
2026-08-30 07:00:00,61.5,89,1,29.804,0,api
2026-08-30 07:30:00,62.4,88,1,29.801,0,api
2026-08-30 08:00:00,63.6,88,1,29.806,0,api
2026-08-30 08:30:00,65,88,1,29.802,0,api
2026-08-30 09:00:00,68.3,88,2,29.797,0,api
2026-08-30 09:30:00,69.5,88,3,29.79,0,api
2026-08-30 10:00:00,71.5,88,4,29.779,0,api
2026-08-30 10:30:00,73.7,86,4,29.768,0,api
2026-08-30 11:00:00,75.6,84,6,29.763,0,api
2026-08-30 11:30:00,76.4,82,5,29.77,0,api
2026-08-30 12:00:00,76.9,82,6,29.758,0,api
2026-08-30 12:30:00,79,78,6,29.752,0,api
2026-08-30 13:00:00,79.7,76,6,29.755,0,api
2026-08-30 13:30:00,80.1,77,5,29.733,0,api
2026-08-30 14:00:00,80.6,75,6,29.727,0,api
2026-08-30 14:30:00,80.8,75,5,29.715,0,api
2026-08-30 15:00:00,77.7,84,5,29.708,0,api
2026-08-30 15:30:00,80.8,78,6,29.695,0,api
2026-08-30 16:00:00,81.6,75,6,29.683,0,api
2026-08-30 16:30:00,81.8,76,5,29.678,0,api
2026-08-30 17:00:00,82.4,74,5,29.673,0,api
2026-08-30 17:30:00,81,77,5,29.671,0,api
2026-08-30 18:00:00,81.3,77,4,29.675,0,api
2026-08-30 18:30:00,80.3,79,3,29.68,0,api
2026-08-30 19:00:00,79.6,81,2,29.68,0,api
2026-08-30 19:30:00,79.2,82,1,29.681,0,api
2026-08-30 20:00:00,78.7,83,1,29.677,0,api
2026-08-30 20:30:00,78.3,84,0,29.681,0,api
2026-08-30 21:00:00,77.8,84,1,29.693,0,api
2026-08-30 21:30:00,77.8,84,2,29.696,0,api
2026-08-30 22:00:00,76.6,87,4,29.7,0,api
2026-08-30 22:30:00,75.5,86,4,29.712,0,api
2026-08-30 23:00:00,72.7,86,5,29.699,0,api
2026-08-30 23:30:00,71.6,88,3,29.697,0,api
2026-08-31 00:00:00,71.5,89,2,29.697,0,api
2026-08-31 00:30:00,71.4,89,2,29.697,0,api
2026-08-31 01:00:00,71.5,90,1,29.691,0,api
2026-08-31 01:30:00,71.2,90,1,29.7,0,api
2026-08-31 02:00:00,70.7,91,1,29.692,0,api
2026-08-31 02:30:00,70,92,1,29.695,0,api
2026-08-31 03:00:00,70.4,93,1,29.696,0,api
2026-08-31 03:30:00,70.6,92,1,29.689,0,api
2026-08-31 04:00:00,70.5,93,1,29.682,0,api
2026-08-31 04:30:00,70.7,93,1,29.682,0,api
2026-08-31 05:00:00,71.1,93,2,29.686,0,api
2026-08-31 05:30:00,71.1,89,3,29.688,0,api
2026-08-31 06:00:00,70.9,89,3,29.696,0,api
2026-08-31 06:30:00,70.7,89,2,29.71,0,api
2026-08-31 07:00:00,70.6,87,1,29.713,0,api
2026-08-31 07:30:00,70.9,86,2,29.73,0,api
2026-08-31 08:00:00,71.7,84,2,29.732,0,api
2026-08-31 08:30:00,72.2,80,4,29.735,0,api
2026-08-31 09:00:00,72.1,79,3,29.738,0,api
2026-08-31 09:30:00,73,75,3,29.735,0,api
2026-08-31 10:00:00,73.6,73,4,29.737,0,api
2026-08-31 10:30:00,73.3,76,4,29.743,0,api
2026-08-31 11:00:00,73.2,77,3,29.738,0,api
2026-08-31 11:30:00,75.8,73,2,29.733,0,api
2026-08-31 12:00:00,77.9,69,2,29.73,0,api
2026-08-31 12:30:00,76.7,69,2,29.722,0,api
2026-08-31 13:00:00,77.9,68,2,29.725,0,api
2026-08-31 13:30:00,78.2,68,1,29.726,0,api
2026-08-31 14:00:00,78,69,2,29.719,0,api
2026-08-31 14:30:00,78,71,1,29.717,0,api
2026-08-31 15:00:00,79.3,69,2,29.72,0,api
2026-08-31 15:30:00,79,70,2,29.7,0,api
2026-08-31 16:00:00,77.8,75,3,29.694,0,api
2026-08-31 16:30:00,77,76,3,29.693,0,api
2026-08-31 17:00:00,76.6,79,2,29.688,0,api
2026-08-31 17:30:00,76.7,80,2,29.684,0,api
2026-08-31 18:00:00,76.7,77,3,29.679,0,api
2026-08-31 18:30:00,76.7,79,2,29.673,0,api
2026-08-31 19:00:00,76.4,80,1,29.665,0,api
2026-08-31 19:30:00,75.2,82,1,29.659,0,api
2026-08-31 20:00:00,74.4,83,0,29.656,0,api
2026-08-31 20:30:00,73.2,85,0,29.664,0,api
2026-08-31 21:00:00,72.7,86,0,29.67,0,api
2026-08-31 21:30:00,72,87,0,29.668,0,api
2026-08-31 22:00:00,71.6,88,0,29.672,0,api
2026-08-31 22:30:00,71.3,89,0,29.663,0,api
2026-08-31 23:00:00,71,89,0,29.67,0,api
2026-08-31 23:30:00,71,90,0,29.666,0,api
2026-09-01 00:00:00,71.2,90,1,29.665,0,api
2026-09-01 00:30:00,71.6,90,0,29.662,0,api
2026-09-01 01:00:00,71.7,91,0,29.645,0,api
2026-09-01 01:30:00,71.3,92,1,29.643,0,api
2026-09-01 02:00:00,71.4,93,1,29.637,0,api
2026-09-01 02:30:00,71.7,93,1,29.63,0,api
2026-09-01 03:00:00,71.8,92,1,29.622,0,api
2026-09-01 03:30:00,71.8,92,2,29.619,0,api
2026-09-01 04:00:00,71.8,93,1,29.617,0,api
2026-09-01 04:30:00,71.5,93,1,29.62,0,api
2026-09-01 05:00:00,71.7,94,1,29.615,0,api
2026-09-01 05:30:00,71.1,93,1,29.613,0,api
2026-09-01 06:00:00,70.8,94,0,29.613,0,api
2026-09-01 06:30:00,70.8,94,0,29.611,0,api
2026-09-01 07:00:00,71.3,95,1,29.611,0,api
2026-09-01 07:30:00,71.8,95,1,29.616,0,api
2026-09-01 08:00:00,73.8,95,2,29.611,0,api
2026-09-01 08:30:00,75.4,91,3,29.61,0,api
2026-09-01 09:00:00,75.6,90,3,29.61,0,api
2026-09-01 09:30:00,75.5,91,3,29.603,0,api
2026-09-01 10:00:00,76.7,90,3,29.607,0,api
2026-09-01 10:30:00,78.1,87,3,29.605,0,api
2026-09-01 11:00:00,80.8,82,3,29.604,0,api
2026-09-01 11:30:00,81.2,82,2,29.607,0,api
2026-09-01 12:00:00,80.2,86,2,29.606,0,api
2026-09-01 12:30:00,81.2,82,1,29.599,0,api
2026-09-01 13:00:00,82.7,80,3,29.583,0,api
2026-09-01 13:30:00,85.5,75,3,29.57,0,api
2026-09-01 14:00:00,87.9,70,4,29.564,0,api
2026-09-01 14:30:00,87.9,71,4,29.569,0,api
2026-09-01 15:00:00,88,72,5,29.559,0,api
2026-09-01 15:30:00,89.2,70,5,29.557,0,api
2026-09-01 16:00:00,88.3,71,4,29.546,0,api
2026-09-01 16:30:00,89.7,69,5,29.537,0,api
2026-09-01 17:00:00,89.4,70,5,29.533,0,api
2026-09-01 17:30:00,88.9,71,4,29.538,0,api
2026-09-01 18:00:00,87.9,73,3,29.531,0,api
2026-09-01 18:30:00,87.9,73,3,29.54,0,api
2026-09-01 19:00:00,86.9,75,2,29.524,0,api
2026-09-01 19:30:00,85.6,78,1,29.516,0,api
2026-09-01 20:00:00,81.6,85,3,29.55,0.02,api
2026-09-01 20:30:00,72.3,88,11,29.57,0.12,api
2026-09-01 21:00:00,71.7,91,2,29.551,0,api
2026-09-01 21:30:00,71.2,93,2,29.579,0,api
2026-09-01 22:00:00,71.5,93,2,29.594,0,api
2026-09-01 22:30:00,71.4,94,2,29.598,0.01,api
2026-09-01 23:00:00,71.4,94,3,29.624,0,api
2026-09-01 23:30:00,71.5,94,2,29.623,0,api
2026-09-02 00:00:00,71.7,95,2,29.645,0,api
2026-09-02 00:30:00,71.7,95,2,29.649,0,api
2026-09-02 01:00:00,71.5,95,1,29.649,0,api
2026-09-02 01:30:00,71.1,95,1,29.639,0,api
2026-09-02 02:00:00,70.9,96,2,29.636,0,api
2026-09-02 02:30:00,70.4,96,2,29.634,0,api
2026-09-02 03:00:00,70.8,96,2,29.641,0,api
2026-09-02 03:30:00,71.1,96,2,29.645,0,api
2026-09-02 04:00:00,71.2,96,3,29.648,0,api
2026-09-02 04:30:00,71.4,96,4,29.657,0,api
2026-09-02 05:00:00,71.5,95,1,29.661,0,api
2026-09-02 05:30:00,71.6,96,1,29.669,0,api
2026-09-02 06:00:00,71,96,4,29.674,0,api
2026-09-02 06:30:00,70.5,96,3,29.679,0,api
2026-09-02 07:00:00,70.3,96,4,29.684,0,api
2026-09-02 07:30:00,70.1,96,4,29.686,0,api
2026-09-02 08:00:00,70,96,4,29.692,0,api
2026-09-02 08:30:00,70.3,96,5,29.692,0,api
2026-09-02 09:00:00,70.2,96,4,29.696,0,api
2026-09-02 09:30:00,70.3,96,5,29.709,0,api
2026-09-02 10:00:00,70.6,96,5,29.701,0,api
2026-09-02 10:30:00,70.5,95,4,29.724,0,api
2026-09-02 11:00:00,71.2,94,4,29.718,0,api
2026-09-02 11:30:00,71.6,93,4,29.713,0,api
2026-09-02 12:00:00,72.2,92,4,29.714,0,api
2026-09-02 12:30:00,72.9,91,3,29.726,0,api
2026-09-02 13:00:00,73.1,90,2,29.729,0,api
2026-09-02 13:30:00,72.6,92,1,29.695,0.049999997,api
2026-09-02 14:00:00,72.1,94,2,29.71,0.049999997,api
2026-09-02 14:30:00,72.1,95,2,29.688,0.01,api
2026-09-02 15:00:00,72.5,95,3,29.669,0,api
2026-09-02 15:30:00,72.8,95,4,29.67,0,api
2026-09-02 16:00:00,73.1,94,4,29.669,0,api
2026-09-02 16:30:00,73.3,93,3,29.67,0,api
2026-09-02 17:00:00,73.7,94,3,29.653,0,api
2026-09-02 17:30:00,73.9,93,3,29.671,0,api
2026-09-02 18:00:00,73.9,93,3,29.67,0,api
2026-09-02 18:30:00,73.5,93,4,29.665,0,api
2026-09-02 19:00:00,73.1,93,3,29.658,0,api
2026-09-02 19:30:00,72.5,94,3,29.658,0,api
2026-09-02 20:00:00,72.2,94,2,29.656,0,api
2026-09-02 20:30:00,72.1,94,3,29.668,0,api
2026-09-02 21:00:00,72.1,94,2,29.667,0,api
2026-09-02 21:30:00,71.9,94,3,29.657,0,api
2026-09-02 22:00:00,72,95,3,29.659,0,api
2026-09-02 22:30:00,71.9,95,3,29.672,0,api
2026-09-02 23:00:00,71.9,95,3,29.668,0,api
2026-09-02 23:30:00,71.7,95,2,29.671,0,api
2026-09-03 00:00:00,71.6,96,2,29.658,0.01,api
2026-09-03 00:30:00,71.4,96,3,29.645,0,api
2026-09-03 01:00:00,71.3,96,3,29.651,0,api
2026-09-03 01:30:00,71,96,4,29.71,0.06,api
2026-09-03 02:00:00,70.1,96,7,29.661,0.44,api
2026-09-03 02:30:00,69.9,97,4,29.643,0,api
2026-09-03 03:00:00,69.8,97,2,29.63,0,api
2026-09-03 03:30:00,69.8,97,2,29.63,0.03,api
2026-09-03 04:00:00,70,97,3,29.657,0.06,api
2026-09-03 04:30:00,69.1,97,7,29.657,0.26999998,api
2026-09-03 05:00:00,69.3,97,3,29.641,0.02,api
2026-09-03 05:30:00,69.5,97,2,29.634,0.04,api
2026-09-03 06:00:00,70,97,3,29.619,0.01,api
2026-09-03 06:30:00,69.5,97,4,29.638,0,api
2026-09-03 07:00:00,69.4,96,3,29.63,0.01,api
2026-09-03 07:30:00,69.7,96,4,29.611,0,api
2026-09-03 08:00:00,70.7,96,5,29.599,0,api
2026-09-03 08:30:00,72.1,96,5,29.589,0,api
2026-09-03 09:00:00,73.6,95,5,29.591,0,api
2026-09-03 09:30:00,75.5,91,4,29.595,0,api
2026-09-03 10:00:00,75.6,91,5,29.605,0,api
2026-09-03 10:30:00,77.2,88,5,29.603,0,api
2026-09-03 11:00:00,78.5,85,5,29.618,0,api
2026-09-03 11:30:00,79.3,83,6,29.615,0,api
2026-09-03 12:00:00,80.6,81,5,29.603,0,api
2026-09-03 12:30:00,82,79,5,29.581,0,api
2026-09-03 13:00:00,83.7,74,6,29.572,0,api
2026-09-03 13:30:00,83.9,74,6,29.557,0,api
2026-09-03 14:00:00,84.7,72,6,29.556,0,api
2026-09-03 14:30:00,85.4,69,5,29.551,0,api
2026-09-03 15:00:00,87.1,66,6,29.545,0,api
2026-09-03 15:30:00,87.3,65,5,29.525,0,api
2026-09-03 16:00:00,87.8,64,5,29.522,0,api
2026-09-03 16:30:00,87.4,65,7,29.511,0,api
2026-09-03 17:00:00,87.3,65,4,29.509,0,api
2026-09-03 17:30:00,86.9,65,4,29.507,0,api
2026-09-03 18:00:00,86.2,68,4,29.515,0,api
2026-09-03 18:30:00,86,70,3,29.511,0,api
2026-09-03 19:00:00,84.5,71,2,29.523,0,api
2026-09-03 19:30:00,82.1,79,2,29.529,0,api
2026-09-03 20:00:00,80.6,85,2,29.532,0,api
2026-09-03 20:30:00,80.1,85,2,29.538,0,api
2026-09-03 21:00:00,80,84,2,29.551,0,api
2026-09-03 21:30:00,79.2,84,2,29.531,0,api
2026-09-03 22:00:00,78.8,84,2,29.53,0,api
2026-09-03 22:30:00,78.2,85,1,29.531,0,api
2026-09-03 23:00:00,77.9,86,1,29.531,0,api
2026-09-03 23:30:00,77.8,86,1,29.523,0,api
2026-09-04 00:00:00,77.8,86,3,29.519,0,api
2026-09-04 00:30:00,77,88,2,29.501,0,api
2026-09-04 01:00:00,76.4,89,2,29.489,0,api
2026-09-04 01:30:00,75.8,91,0,29.501,0,api
2026-09-04 02:00:00,75.6,91,1,29.48,0,api
2026-09-04 02:30:00,76.2,90,1,29.471,0,api
2026-09-04 03:00:00,76.4,90,2,29.483,0,api
2026-09-04 03:30:00,75.5,89,3,29.506,0,api
2026-09-04 04:00:00,75.1,87,4,29.501,0,api
2026-09-04 04:30:00,75.1,84,5,29.505,0,api
2026-09-04 05:00:00,74.7,84,4,29.505,0,api
2026-09-04 05:30:00,74,84,3,29.496,0,api
2026-09-04 06:00:00,73.3,85,2,29.498,0,api
2026-09-04 06:30:00,72.8,85,2,29.502,0,api
2026-09-04 07:00:00,72.4,86,4,29.509,0,api
2026-09-04 07:30:00,72.6,87,5,29.523,0,api
2026-09-04 08:00:00,73.9,85,5,29.527,0,api
2026-09-04 08:30:00,75.3,83,7,29.531,0,api
2026-09-04 09:00:00,76.7,80,6,29.524,0,api
2026-09-04 09:30:00,77.6,78,10,29.523,0,api
2026-09-04 10:00:00,78.9,76,8,29.521,0,api
2026-09-04 10:30:00,79.4,75,8,29.529,0,api
2026-09-04 11:00:00,80.5,74,8,29.529,0,api
2026-09-04 11:30:00,81.7,72,8,29.524,0,api
2026-09-04 12:00:00,82.5,69,7,29.524,0,api
2026-09-04 12:30:00,82.9,69,6,29.522,0,api
2026-09-04 13:00:00,82.9,69,5,29.522,0,api
2026-09-04 13:30:00,84.2,67,6,29.513,0,api
2026-09-04 14:00:00,83.4,66,7,29.517,0,api
2026-09-04 14:30:00,84.3,66,6,29.514,0,api
2026-09-04 15:00:00,84.7,65,7,29.506,0,api
2026-09-04 15:30:00,85,65,6,29.496,0,api
2026-09-04 16:00:00,84.7,64,8,29.485,0,api
2026-09-04 16:30:00,85.3,64,5,29.471,0,api
2026-09-04 17:00:00,84.3,65,6,29.481,0,api
2026-09-04 17:30:00,83,68,5,29.484,0,api
2026-09-04 18:00:00,83.4,69,3,29.476,0,api
2026-09-04 18:30:00,83,71,3,29.472,0,api
2026-09-04 19:00:00,82.4,72,2,29.466,0,api
2026-09-04 19:30:00,81.6,75,1,29.46,0,api
2026-09-04 20:00:00,79.7,79,0,29.467,0,api
2026-09-04 20:30:00,78.7,81,0,29.471,0,api
2026-09-04 21:00:00,77.9,82,0,29.475,0,api
2026-09-04 21:30:00,77.8,82,0,29.475,0,api
2026-09-04 22:00:00,77.8,82,0,29.474,0,api
2026-09-04 22:30:00,77.6,82,0,29.476,0,api
2026-09-04 23:00:00,77.6,82,1,29.476,0,api
2026-09-04 23:30:00,76.7,86,1,29.491,0.01,api
2026-09-05 00:00:00,73.2,90,2,29.489,0.12,api
2026-09-05 00:30:00,72.5,91,1,29.481,0.01,api
2026-09-05 01:00:00,72.2,92,1,29.475,0,api
2026-09-05 01:30:00,71.6,93,1,29.468,0,api
2026-09-05 02:00:00,71.1,94,0,29.466,0,api
2026-09-05 02:30:00,70.3,94,0,29.461,0,api
2026-09-05 03:00:00,69.6,94,0,29.455,0,api
2026-09-05 03:30:00,69.7,93,1,29.454,0,api
2026-09-05 04:00:00,69.7,93,0,29.456,0,api
2026-09-05 04:30:00,69.5,92,1,29.451,0,api
2026-09-05 05:00:00,69.6,91,0,29.459,0,api
2026-09-05 05:30:00,69.7,91,0,29.455,0,api
2026-09-05 06:00:00,69.5,91,0,29.457,0,api
2026-09-05 06:30:00,69.5,91,0,29.461,0,api
2026-09-05 07:00:00,69.4,89,1,29.475,0,api
2026-09-05 07:30:00,69.8,84,3,29.481,0,api
2026-09-05 08:00:00,70.1,83,4,29.485,0,api
2026-09-05 08:30:00,70.3,82,4,29.487,0,api
2026-09-05 09:00:00,70.6,81,5,29.476,0,api
2026-09-05 09:30:00,71.6,79,6,29.485,0,api
2026-09-05 10:00:00,73,77,6,29.486,0,api
2026-09-05 10:30:00,73.1,75,5,29.488,0,api
2026-09-05 11:00:00,74.7,70,7,29.493,0,api
2026-09-05 11:30:00,75.3,67,7,29.489,0,api
2026-09-05 12:00:00,76.9,62,7,29.493,0,api
2026-09-05 12:30:00,76.7,63,9,29.487,0,api
2026-09-05 13:00:00,77.9,62,7,29.476,0,api
2026-09-05 13:30:00,79,58,7,29.475,0,api
2026-09-05 14:00:00,78.2,60,8,29.467,0,api
2026-09-05 14:30:00,78,58,8,29.468,0,api
2026-09-05 15:00:00,78.7,57,7,29.462,0,api
2026-09-05 15:30:00,78.1,59,7,29.46,0,api
2026-09-05 16:00:00,78.1,61,7,29.457,0,api
2026-09-05 16:30:00,78.5,61,6,29.453,0,api
2026-09-05 17:00:00,78,58,8,29.447,0,api
2026-09-05 17:30:00,78.7,56,7,29.451,0,api
2026-09-05 18:00:00,78.8,56,5,29.453,0,api
2026-09-05 18:30:00,77.9,58,6,29.46,0,api
2026-09-05 19:00:00,76.8,61,4,29.458,0,api
2026-09-05 19:30:00,74.1,70,2,29.462,0,api
2026-09-05 20:00:00,72.2,70,2,29.466,0,api
2026-09-05 20:30:00,71.3,73,1,29.48,0,api
2026-09-05 21:00:00,70.2,75,0,29.491,0,api
2026-09-05 21:30:00,69.3,75,1,29.5,0,api
2026-09-05 22:00:00,68.6,77,1,29.506,0,api
2026-09-05 22:30:00,68.2,77,1,29.507,0,api
2026-09-05 23:00:00,68,77,0,29.507,0,api
2026-09-05 23:30:00,67.2,79,1,29.512,0,api
2026-09-06 00:00:00,67.1,79,0,29.518,0,api
2026-09-06 00:30:00,67.4,78,1,29.517,0,api
2026-09-06 01:00:00,67.4,78,1,29.513,0,api
2026-09-06 01:30:00,66.8,79,1,29.512,0,api
2026-09-06 02:00:00,66.3,80,2,29.505,0,api
2026-09-06 02:30:00,65.9,81,2,29.504,0,api
2026-09-06 03:00:00,65.4,82,1,29.499,0,api
2026-09-06 03:30:00,64.9,83,2,29.497,0,api
2026-09-06 04:00:00,64.9,83,2,29.495,0,api
2026-09-06 04:30:00,64.6,84,2,29.502,0,api
2026-09-06 05:00:00,64.1,84,1,29.509,0,api
2026-09-06 05:30:00,63.5,85,1,29.525,0,api
2026-09-06 06:00:00,62.8,87,0,29.527,0,api
2026-09-06 06:30:00,62.8,87,0,29.539,0,api
2026-09-06 07:00:00,63.8,86,1,29.553,0,api
2026-09-06 07:30:00,65.2,83,1,29.562,0,api
2026-09-06 08:00:00,65.7,83,2,29.569,0,api
2026-09-06 08:30:00,67.4,82,3,29.575,0,api
2026-09-06 09:00:00,68,81,5,29.58,0,api
2026-09-06 09:30:00,69,80,5,29.582,0,api
2026-09-06 10:00:00,69.2,79,7,29.591,0,api
2026-09-06 10:30:00,71,75,5,29.593,0,api
2026-09-06 11:00:00,71.4,76,7,29.598,0,api
2026-09-06 11:30:00,72.5,75,6,29.598,0,api
2026-09-06 12:00:00,71.7,76,8,29.596,0,api
2026-09-06 12:30:00,72.7,71,6,29.595,0,api
2026-09-06 13:00:00,74,69,6,29.589,0,api
2026-09-06 13:30:00,74.2,67,8,29.591,0,api
2026-09-06 14:00:00,74.5,66,8,29.587,0,api
2026-09-06 14:30:00,74.7,67,7,29.586,0,api
2026-09-06 15:00:00,75.1,65,7,29.578,0,api
2026-09-06 15:30:00,77.5,60,5,29.576,0,api
2026-09-06 16:00:00,76.6,58,5,29.575,0,api
2026-09-06 16:30:00,77.7,58,6,29.574,0,api
2026-09-06 17:00:00,76.7,60,8,29.573,0,api
2026-09-06 17:30:00,77.9,58,5,29.577,0,api
2026-09-06 18:00:00,77.4,60,5,29.584,0,api
2026-09-06 18:30:00,76.8,60,5,29.587,0,api
2026-09-06 19:00:00,75.5,63,3,29.582,0,api
2026-09-06 19:30:00,73.5,69,1,29.583,0,api
2026-09-06 20:00:00,70.9,73,0,29.59,0,api
2026-09-06 20:30:00,69.1,75,1,29.599,0,api
2026-09-06 21:00:00,67.6,78,0,29.612,0,api
2026-09-06 21:30:00,66.9,80,1,29.62,0,api
2026-09-06 22:00:00,67.4,77,1,29.63,0,api
2026-09-06 22:30:00,67,76,1,29.642,0,api
2026-09-06 23:00:00,66.8,76,2,29.649,0,api
2026-09-06 23:30:00,66.2,77,1,29.657,0,api
2026-09-07 00:00:00,64.5,82,0,29.662,0,api
2026-09-07 00:30:00,63.5,85,0,29.667,0,api
2026-09-07 01:00:00,63.4,87,0,29.675,0,api
2026-09-07 01:30:00,63.1,88,0,29.675,0,api
2026-09-07 02:00:00,62.2,89,0,29.682,0,api
2026-09-07 02:30:00,61.9,91,1,29.686,0,api
2026-09-07 03:00:00,62,92,1,29.683,0,api
2026-09-07 03:30:00,62.1,91,0,29.689,0,api
2026-09-07 04:00:00,61.3,91,1,29.696,0,api
2026-09-07 04:30:00,61.5,92,1,29.697,0,api
2026-09-07 05:00:00,61.4,92,3,29.694,0,api
2026-09-07 05:30:00,61.3,92,2,29.701,0,api
2026-09-07 06:00:00,61.2,92,2,29.709,0,api
2026-09-07 06:30:00,60.8,92,3,29.729,0,api
2026-09-07 07:00:00,60.9,91,3,29.738,0,api
2026-09-07 07:30:00,61.9,90,2,29.76,0,api
2026-09-07 08:00:00,63,88,2,29.771,0,api
2026-09-07 08:30:00,64.5,86,2,29.771,0,api
2026-09-07 09:00:00,65.6,84,3,29.776,0,api
2026-09-07 09:30:00,66.8,83,3,29.773,0,api
2026-09-07 10:00:00,68.5,79,3,29.773,0,api
2026-09-07 10:30:00,69.8,79,4,29.791,0,api
2026-09-07 11:00:00,70.8,77,5,29.791,0,api
2026-09-07 11:30:00,71.6,72,6,29.788,0,api
2026-09-07 12:00:00,72.5,67,7,29.786,0,api
2026-09-07 12:30:00,73.2,67,4,29.778,0,api
2026-09-07 13:00:00,74.2,59,6,29.776,0,api
2026-09-07 13:30:00,75.8,54,5,29.769,0,api
2026-09-07 14:00:00,76.1,54,5,29.76,0,api
2026-09-07 14:30:00,76.6,52,4,29.755,0,api
2026-09-07 15:00:00,76.9,51,5,29.75,0,api
2026-09-07 15:30:00,77.8,51,3,29.744,0,api
2026-09-07 16:00:00,78.1,52,4,29.746,0,api
2026-09-07 16:30:00,78.5,50,3,29.743,0,api
2026-09-07 17:00:00,78.8,50,3,29.748,0,api
2026-09-07 17:30:00,78.5,49,4,29.753,0,api
2026-09-07 18:00:00,77.3,49,3,29.762,0,api
2026-09-07 18:30:00,76.2,53,4,29.769,0,api
2026-09-07 19:00:00,74.1,57,4,29.781,0,api
2026-09-07 19:30:00,71.4,63,1,29.778,0,api
2026-09-07 20:00:00,68.6,66,0,29.783,0,api
2026-09-07 20:30:00,66.9,70,0,29.792,0,api
2026-09-07 21:00:00,65.3,71,1,29.797,0,api
2026-09-07 21:30:00,64.6,74,0,29.797,0,api
2026-09-07 22:00:00,63.9,77,1,29.806,0,api
2026-09-07 22:30:00,63.5,78,0,29.799,0,api
2026-09-07 23:00:00,62.8,81,0,29.809,0,api
2026-09-07 23:30:00,62.8,81,1,29.813,0,api
2026-09-08 00:00:00,62.1,85,1,29.822,0,api
2026-09-08 00:30:00,61.5,87,2,29.833,0,api
2026-09-08 01:00:00,61.1,86,1,29.832,0,api
2026-09-08 01:30:00,60.9,86,1,29.822,0,api
2026-09-08 02:00:00,60.1,86,0,29.811,0,api
2026-09-08 02:30:00,59.1,88,0,29.816,0,api
2026-09-08 03:00:00,59.1,89,1,29.824,0,api
2026-09-08 03:30:00,58.3,89,0,29.828,0,api
2026-09-08 04:00:00,58.1,89,1,29.824,0,api
2026-09-08 04:30:00,58.1,90,1,29.829,0,api
2026-09-08 05:00:00,58,91,2,29.84,0,api
2026-09-08 05:30:00,58.4,88,2,29.844,0,api
2026-09-08 06:00:00,58.1,88,1,29.844,0,api
2026-09-08 06:30:00,57.6,87,0,29.847,0,api
2026-09-08 07:00:00,57.6,88,1,29.852,0,api
2026-09-08 07:30:00,60,84,1,29.852,0,api
2026-09-08 08:00:00,61.8,82,1,29.853,0,api
2026-09-08 08:30:00,65.8,77,0,29.853,0,api
2026-09-08 09:00:00,68.7,72,1,29.851,0,api
2026-09-08 09:30:00,71.6,68,1,29.86,0,api
2026-09-08 10:00:00,72.8,65,1,29.861,0,api
2026-09-08 10:30:00,73.6,61,3,29.865,0,api
2026-09-08 11:00:00,76.2,57,2,29.861,0,api
2026-09-08 11:30:00,77.5,56,2,29.862,0,api
2026-09-08 12:00:00,78.7,55,3,29.862,0,api
2026-09-08 12:30:00,78.5,52,5,29.852,0,api
2026-09-08 13:00:00,80.1,52,4,29.846,0,api
2026-09-08 13:30:00,80.3,51,4,29.835,0,api
2026-09-08 14:00:00,81.4,52,5,29.826,0,api
2026-09-08 14:30:00,81.8,52,3,29.82,0,api
2026-09-08 15:00:00,81.2,51,4,29.824,0,api
2026-09-08 15:30:00,81.4,51,4,29.82,0,api
2026-09-08 16:00:00,82.8,51,3,29.818,0,api
2026-09-08 16:30:00,81.4,54,4,29.817,0,api
2026-09-08 17:00:00,81.6,55,4,29.818,0,api
2026-09-08 17:30:00,82,55,3,29.818,0,api
2026-09-08 18:00:00,80.6,57,3,29.822,0,api
2026-09-08 18:30:00,80.8,58,2,29.823,0,api
2026-09-08 19:00:00,79.5,64,0,29.827,0,api
2026-09-08 19:30:00,75.8,69,0,29.822,0,api
2026-09-08 20:00:00,73.4,74,0,29.83,0,api
2026-09-08 20:30:00,71.8,76,0,29.838,0,api
2026-09-08 21:00:00,70.7,76,0,29.84,0,api
2026-09-08 21:30:00,69.7,79,0,29.844,0,api
2026-09-08 22:00:00,69.2,80,0,29.846,0,api
2026-09-08 22:30:00,68.5,82,1,29.849,0,api
2026-09-08 23:00:00,67.8,84,0,29.844,0,api
2026-09-08 23:30:00,68.1,84,0,29.835,0,api
2026-09-09 00:00:00,67.7,85,0,29.835,0,api
2026-09-09 00:30:00,67.8,86,0,29.836,0,api
2026-09-09 01:00:00,68.1,86,1,29.833,0,api
2026-09-09 01:30:00,67.5,87,0,29.828,0,api
2026-09-09 02:00:00,67.3,89,0,29.825,0,api
2026-09-09 02:30:00,67.3,89,0,29.822,0,api
2026-09-09 03:00:00,67,89,0,29.822,0,api
2026-09-09 03:30:00,66.7,90,0,29.819,0,api
2026-09-09 04:00:00,66.4,91,1,29.825,0,api
2026-09-09 04:30:00,65.7,91,1,29.831,0,api
2026-09-09 05:00:00,65.3,92,1,29.827,0,api
2026-09-09 05:30:00,65.2,93,0,29.824,0,api
2026-09-09 06:00:00,65,93,0,29.826,0,api
2026-09-09 06:30:00,64.2,93,0,29.819,0,api
2026-09-09 07:00:00,63.9,94,0,29.823,0,api
2026-09-09 07:30:00,64.7,94,1,29.825,0,api
2026-09-09 08:00:00,66.5,93,1,29.827,0,api
2026-09-09 08:30:00,69.3,91,2,29.828,0,api
2026-09-09 09:00:00,72.7,85,2,29.818,0,api
2026-09-09 09:30:00,73.9,81,4,29.814,0,api
2026-09-09 10:00:00,75.6,78,4,29.81,0,api
2026-09-09 10:30:00,77.9,72,4,29.806,0,api
2026-09-09 11:00:00,79.1,71,5,29.798,0,api
2026-09-09 11:30:00,80.3,70,5,29.79,0,api
2026-09-09 12:00:00,81.5,67,5,29.777,0,api
2026-09-09 12:30:00,81.7,66,5,29.77,0,api
2026-09-09 13:00:00,82.7,65,6,29.758,0,api
2026-09-09 13:30:00,83.4,64,7,29.742,0,api
2026-09-09 14:00:00,84.5,59,8,29.729,0,api
2026-09-09 14:30:00,84.2,58,8,29.717,0,api
2026-09-09 15:00:00,84.4,56,8,29.705,0,api
2026-09-09 15:30:00,85.4,54,6,29.691,0,api
2026-09-09 16:00:00,85.3,55,6,29.676,0,api
2026-09-09 16:30:00,85.2,57,6,29.663,0,api
2026-09-09 17:00:00,85.8,58,5,29.657,0,api
2026-09-09 17:30:00,84.5,60,6,29.648,0,api
2026-09-09 18:00:00,83.4,62,5,29.638,0,api
2026-09-09 18:30:00,83.1,63,5,29.635,0,api
2026-09-09 19:00:00,81.4,65,5,29.629,0,api
2026-09-09 19:30:00,80.1,67,3,29.626,0,api
2026-09-09 20:00:00,79.2,68,4,29.629,0,api
2026-09-09 20:30:00,78.4,69,4,29.632,0,api
2026-09-09 21:00:00,77.6,71,4,29.633,0,api
2026-09-09 21:30:00,76.8,71,5,29.633,0,api
2026-09-09 22:00:00,76.2,71,5,29.617,0,api
2026-09-09 22:30:00,75.6,72,4,29.594,0,api
2026-09-09 23:00:00,74.8,73,5,29.582,0,api
2026-09-09 23:30:00,74.1,75,4,29.582,0,api
2026-09-10 00:00:00,73.7,77,5,29.59,0,api
2026-09-10 00:30:00,73.1,79,5,29.585,0,api
2026-09-10 01:00:00,73,81,5,29.572,0,api
2026-09-10 01:30:00,73,82,5,29.568,0,api
2026-09-10 02:00:00,73.1,83,4,29.557,0,api
2026-09-10 02:30:00,73,84,4,29.546,0,api
2026-09-10 03:00:00,73.2,82,5,29.54,0,api
2026-09-10 03:30:00,73.5,80,5,29.533,0,api
2026-09-10 04:00:00,73.9,78,5,29.532,0,api
2026-09-10 04:30:00,73.7,78,3,29.537,0,api
2026-09-10 05:00:00,73.6,77,3,29.528,0,api
2026-09-10 05:30:00,73.2,78,3,29.528,0,api
2026-09-10 06:00:00,73,79,2,29.528,0,api
2026-09-10 06:30:00,72.7,79,1,29.535,0,api
2026-09-10 07:00:00,72.7,80,2,29.53,0,api
2026-09-10 07:30:00,72.8,79,3,29.535,0,api
2026-09-10 08:00:00,73,80,3,29.535,0,api
2026-09-10 08:30:00,74.1,78,3,29.538,0,api
2026-09-10 09:00:00,76.4,77,4,29.53,0,api
2026-09-10 09:30:00,76.9,78,4,29.536,0,api
2026-09-10 10:00:00,78,78,4,29.541,0,api
2026-09-10 10:30:00,80.2,75,6,29.538,0,api
2026-09-10 11:00:00,80.1,76,7,29.538,0,api
2026-09-10 11:30:00,81.5,73,6,29.528,0,api
2026-09-10 12:00:00,81.8,72,6,29.523,0,api
2026-09-10 12:30:00,82.6,70,7,29.521,0,api
2026-09-10 13:00:00,82.9,68,7,29.519,0,api
2026-09-10 13:30:00,83.4,67,7,29.513,0,api
2026-09-10 14:00:00,84.1,63,7,29.513,0,api
2026-09-10 14:30:00,85.1,62,7,29.505,0,api
2026-09-10 15:00:00,85.2,59,8,29.491,0,api
2026-09-10 15:30:00,85,60,8,29.488,0,api
2026-09-10 16:00:00,84.3,64,9,29.488,0,api
2026-09-10 16:30:00,83.8,63,8,29.481,0,api
2026-09-10 17:00:00,84.7,61,8,29.481,0,api
2026-09-10 17:30:00,83.8,64,6,29.478,0,api
2026-09-10 18:00:00,84.1,64,5,29.478,0,api
2026-09-10 18:30:00,82.4,67,4,29.481,0,api
2026-09-10 19:00:00,81.9,68,4,29.484,0,api
2026-09-10 19:30:00,81.1,71,2,29.487,0,api
2026-09-10 20:00:00,79.7,74,1,29.487,0,api
2026-09-10 20:30:00,79.1,76,1,29.495,0,api
2026-09-10 21:00:00,78.7,77,0,29.497,0,api
2026-09-10 21:30:00,77.6,79,0,29.51,0,api
2026-09-10 22:00:00,76.5,82,0,29.514,0,api
2026-09-10 22:30:00,76.4,83,1,29.509,0,api
2026-09-10 23:00:00,76.1,83,2,29.506,0,api
2026-09-10 23:30:00,75.2,85,1,29.503,0,api
2026-09-11 00:00:00,75.3,85,1,29.505,0,api
2026-09-11 00:30:00,75,86,0,29.511,0,api
2026-09-11 01:00:00,74.9,86,1,29.52,0,api
2026-09-11 01:30:00,75.4,85,1,29.523,0,api
2026-09-11 02:00:00,74.8,88,1,29.524,0,api
2026-09-11 02:30:00,74,89,1,29.528,0,api
2026-09-11 03:00:00,73.9,88,1,29.531,0,api
2026-09-11 03:30:00,74.1,83,4,29.538,0,api
2026-09-11 04:00:00,73.7,81,7,29.538,0,api
2026-09-11 04:30:00,73.3,74,7,29.546,0,api
2026-09-11 05:00:00,72.9,74,3,29.545,0,api
2026-09-11 05:30:00,72.5,73,2,29.552,0,api
2026-09-11 06:00:00,72.4,73,2,29.555,0,api
2026-09-11 06:30:00,71.7,72,4,29.554,0,api
2026-09-11 07:00:00,71.1,74,3,29.564,0,api
2026-09-11 07:30:00,71.1,73,3,29.578,0,api
2026-09-11 08:00:00,71,74,3,29.595,0,api
2026-09-11 08:30:00,71,74,4,29.599,0,api
2026-09-11 09:00:00,71.4,75,4,29.606,0,api
2026-09-11 09:30:00,71.3,73,5,29.608,0,api
2026-09-11 10:00:00,71.2,73,6,29.613,0,api
2026-09-11 10:30:00,70.9,70,5,29.623,0,api
2026-09-11 11:00:00,70.9,70,4,29.635,0,api
2026-09-11 11:30:00,71.3,70,5,29.644,0,api
2026-09-11 12:00:00,71.5,69,5,29.639,0,api
2026-09-11 12:30:00,73.7,64,5,29.634,0,api
2026-09-11 13:00:00,74.2,60,3,29.624,0,api
2026-09-11 13:30:00,73.8,62,4,29.621,0,api
2026-09-11 14:00:00,75.8,59,3,29.617,0,api
2026-09-11 14:30:00,76.6,60,4,29.615,0,api
2026-09-11 15:00:00,78.4,58,3,29.604,0,api
2026-09-11 15:30:00,79.5,56,4,29.594,0,api
2026-09-11 16:00:00,79.3,58,4,29.586,0,api
2026-09-11 16:30:00,80,57,5,29.582,0,api
2026-09-11 17:00:00,79.8,58,5,29.578,0,api
2026-09-11 17:30:00,80.8,56,2,29.579,0,api
2026-09-11 18:00:00,81.2,56,1,29.582,0,api
2026-09-11 18:30:00,80.4,58,2,29.589,0,api
2026-09-11 19:00:00,77.5,65,1,29.59,0,api
2026-09-11 19:30:00,74.5,70,0,29.592,0,api
2026-09-11 20:00:00,73,73,0,29.601,0,api
2026-09-11 20:30:00,71.9,75,1,29.614,0,api
2026-09-11 21:00:00,70.1,78,0,29.624,0,api
2026-09-11 21:30:00,69.1,81,1,29.639,0,api
2026-09-11 22:00:00,68.9,81,1,29.645,0,api
2026-09-11 22:30:00,67.9,82,0,29.65,0,api
2026-09-11 23:00:00,66.8,84,0,29.649,0,api
2026-09-11 23:30:00,65.7,87,0,29.652,0,api
2026-09-12 00:00:00,64.8,89,0,29.665,0,api
2026-09-12 00:30:00,63.7,89,0,29.667,0,api
2026-09-12 01:00:00,63.2,91,0,29.667,0,api
2026-09-12 01:30:00,62.8,92,0,29.664,0,api
2026-09-12 02:00:00,61.8,92,0,29.654,0,api
2026-09-12 02:30:00,61.7,93,0,29.659,0,api
2026-09-12 03:00:00,61.8,93,1,29.66,0,api
2026-09-12 03:30:00,62.1,91,2,29.661,0,api
2026-09-12 04:00:00,62.2,90,1,29.661,0,api
2026-09-12 04:30:00,61.1,89,0,29.673,0,api
2026-09-12 05:00:00,59.8,91,0,29.673,0,api
2026-09-12 05:30:00,59.3,91,0,29.682,0,api
2026-09-12 06:00:00,59.1,93,0,29.683,0,api
2026-09-12 06:30:00,58.8,92,0,29.691,0,api
2026-09-12 07:00:00,59,93,0,29.699,0,api
2026-09-12 07:30:00,60.3,92,1,29.703,0,api
2026-09-12 08:00:00,61.9,87,3,29.705,0,api
2026-09-12 08:30:00,62.3,86,4,29.706,0,api
2026-09-12 09:00:00,63.3,87,3,29.708,0,api
2026-09-12 09:30:00,65.7,83,3,29.715,0,api
2026-09-12 10:00:00,67.4,82,3,29.709,0,api
2026-09-12 10:30:00,69.6,81,2,29.716,0,api
2026-09-12 11:00:00,71.8,80,4,29.721,0,api
2026-09-12 11:30:00,72.8,79,4,29.716,0,api
2026-09-12 12:00:00,74.6,75,5,29.707,0,api
2026-09-12 12:30:00,75.8,73,6,29.699,0,api
2026-09-12 13:00:00,77.5,70,6,29.689,0,api
2026-09-12 13:30:00,77.3,69,5,29.69,0,api
2026-09-12 14:00:00,78,66,5,29.681,0,api
2026-09-12 14:30:00,78.7,66,4,29.676,0,api
2026-09-12 15:00:00,78.3,69,4,29.664,0,api
2026-09-12 15:30:00,78.7,69,4,29.658,0,api
2026-09-12 16:00:00,77.8,69,5,29.65,0,api
2026-09-12 16:30:00,78.6,66,5,29.642,0,api
2026-09-12 17:00:00,77,69,4,29.636,0,api
2026-09-12 17:30:00,76.7,71,2,29.636,0,api
2026-09-12 18:00:00,75.9,70,2,29.64,0,api
2026-09-12 18:30:00,75.5,69,3,29.647,0,api
2026-09-12 19:00:00,74.9,71,2,29.652,0,api
2026-09-12 19:30:00,74.6,73,1,29.659,0,api
2026-09-12 20:00:00,73.7,75,2,29.65,0,api
2026-09-12 20:30:00,72.9,76,3,29.652,0,api
2026-09-12 21:00:00,72,78,2,29.65,0,api
2026-09-12 21:30:00,71.5,79,4,29.652,0,api
2026-09-12 22:00:00,71.2,81,4,29.649,0,api
2026-09-12 22:30:00,70.8,82,2,29.644,0,api
2026-09-12 23:00:00,70.6,83,3,29.631,0,api
2026-09-12 23:30:00,70.3,83,3,29.629,0,api
2026-09-13 00:00:00,70.1,84,2,29.625,0,api
2026-09-13 00:30:00,70.1,85,2,29.621,0,api
2026-09-13 01:00:00,70.1,85,2,29.615,0,api
2026-09-13 01:30:00,70.2,86,2,29.61,0,api
2026-09-13 02:00:00,70.4,86,2,29.604,0,api
2026-09-13 02:30:00,70.5,86,1,29.59,0,api
2026-09-13 03:00:00,70.1,88,3,29.573,0,api
2026-09-13 03:30:00,70,89,3,29.558,0,api
2026-09-13 04:00:00,69.6,90,1,29.549,0,api
2026-09-13 04:30:00,69.4,92,2,29.537,0,api
2026-09-13 05:00:00,68.7,93,3,29.531,0.34,api
2026-09-13 05:30:00,68.6,94,3,29.526,0.29999998,api
2026-09-13 06:00:00,68.4,95,3,29.52,0.049999997,api
2026-09-13 06:30:00,68.4,95,3,29.521,0.01,api
2026-09-13 07:00:00,68.3,96,2,29.516,0.01,api
2026-09-13 07:30:00,68.2,96,2,29.52,0,api
2026-09-13 08:00:00,68.1,96,2,29.528,0,api
2026-09-13 08:30:00,67.9,96,3,29.531,0,api
2026-09-13 09:00:00,68.1,97,2,29.529,0.01,api
2026-09-13 09:30:00,68,97,2,29.53,0,api
2026-09-13 10:00:00,68.5,97,4,29.525,0.01,api
2026-09-13 10:30:00,69.8,97,2,29.529,0,api
2026-09-13 11:00:00,70.3,97,1,29.521,0,api
2026-09-13 11:30:00,71.4,97,2,29.527,0,api
2026-09-13 12:00:00,72.8,96,3,29.532,0,api
2026-09-13 12:30:00,72.3,95,4,29.527,0,api
2026-09-13 13:00:00,74.8,94,2,29.516,0,api
2026-09-13 13:30:00,77.3,84,4,29.508,0.01,api
2026-09-13 14:00:00,80.2,81,4,29.494,0,api
2026-09-13 14:30:00,79.6,80,3,29.484,0,api
2026-09-13 15:00:00,81.1,76,4,29.47,0,api
2026-09-13 15:30:00,81.4,76,5,29.47,0,api
2026-09-13 16:00:00,81.1,74,5,29.468,0,api
2026-09-13 16:30:00,80,77,5,29.468,0,api
2026-09-13 17:00:00,80.7,78,3,29.464,0,api
2026-09-13 17:30:00,80.5,77,4,29.471,0,api
2026-09-13 18:00:00,81.6,75,4,29.467,0,api
2026-09-13 18:30:00,81.7,75,2,29.465,0,api
2026-09-13 19:00:00,79.5,80,1,29.472,0,api
2026-09-13 19:30:00,77.1,83,0,29.482,0,api
2026-09-13 20:00:00,75.1,86,1,29.486,0,api
2026-09-13 20:30:00,74.4,87,0,29.497,0,api
2026-09-13 21:00:00,73.6,90,0,29.515,0,api
2026-09-13 21:30:00,72.8,91,0,29.523,0,api
2026-09-13 22:00:00,72.5,92,0,29.52,0,api
2026-09-13 22:30:00,71.9,93,0,29.513,0,api
2026-09-13 23:00:00,71.4,93,0,29.519,0,api
2026-09-13 23:30:00,71,93,1,29.514,0,api
2026-09-14 00:00:00,70.7,94,1,29.511,0,api
2026-09-14 00:30:00,70.4,94,1,29.495,0,api
2026-09-14 01:00:00,70.8,95,1,29.501,0,api
2026-09-14 01:30:00,71.6,95,2,29.493,0,api
2026-09-14 02:00:00,72.3,95,2,29.489,0,api
2026-09-14 02:30:00,71.8,94,2,29.487,0,api
2026-09-14 03:00:00,71.9,94,1,29.497,0,api
2026-09-14 03:30:00,71.6,94,2,29.507,0,api
2026-09-14 04:00:00,72.3,90,3,29.511,0,api
2026-09-14 04:30:00,72.5,85,6,29.52,0,api
2026-09-14 05:00:00,72.2,83,4,29.525,0,api
2026-09-14 05:30:00,71.7,82,6,29.547,0,api
2026-09-14 06:00:00,71.1,82,5,29.563,0,api
2026-09-14 06:30:00,70.3,82,7,29.58,0,api
2026-09-14 07:00:00,69,76,13,29.596,0,api
2026-09-14 07:30:00,67.9,76,12,29.619,0,api
2026-09-14 08:00:00,67.6,74,12,29.639,0,api
2026-09-14 08:30:00,67.8,73,9,29.66,0,api
2026-09-14 09:00:00,68,74,10,29.672,0,api
2026-09-14 09:30:00,68.2,72,9,29.681,0,api
2026-09-14 10:00:00,68.4,68,12,29.691,0,api
2026-09-14 10:30:00,69.1,67,9,29.702,0,api
2026-09-14 11:00:00,69.5,66,8,29.706,0,api
2026-09-14 11:30:00,70.6,64,10,29.709,0,api
2026-09-14 12:00:00,71,60,11,29.717,0,api
2026-09-14 12:30:00,71.7,59,11,29.713,0,api
2026-09-14 13:00:00,72.2,57,11,29.711,0,api
2026-09-14 13:30:00,72.8,53,11,29.716,0,api
2026-09-14 14:00:00,71.9,54,11,29.718,0,api
2026-09-14 14:30:00,72.7,53,9,29.712,0,api
2026-09-14 15:00:00,73,50,11,29.709,0,api
2026-09-14 15:30:00,73.9,52,10,29.708,0,api
2026-09-14 16:00:00,73.5,51,10,29.714,0,api
2026-09-14 16:30:00,73.3,48,11,29.728,0,api
2026-09-14 17:00:00,73.1,47,9,29.738,0,api
2026-09-14 17:30:00,72.5,47,10,29.751,0,api
2026-09-14 18:00:00,72,49,9,29.757,0,api
2026-09-14 18:30:00,70.9,51,8,29.764,0,api
2026-09-14 19:00:00,69.4,54,6,29.767,0,api
2026-09-14 19:30:00,67.5,57,5,29.777,0,api
2026-09-14 20:00:00,65.5,63,4,29.792,0,api
2026-09-14 20:30:00,65.5,60,5,29.804,0,api
2026-09-14 21:00:00,64.4,62,4,29.818,0,api
2026-09-14 21:30:00,64.2,61,5,29.833,0,api
2026-09-14 22:00:00,63.1,64,3,29.85,0,api
2026-09-14 22:30:00,62.8,64,3,29.859,0,api
2026-09-14 23:00:00,61.7,66,4,29.861,0,api
2026-09-14 23:30:00,61.8,65,4,29.868,0,api
2026-09-15 00:00:00,61.2,67,3,29.877,0,api
2026-09-15 00:30:00,58.7,71,1,29.88,0,api
2026-09-15 01:00:00,59.4,70,1,29.88,0,api
2026-09-15 01:30:00,59.1,70,2,29.888,0,api
2026-09-15 02:00:00,58.4,71,2,29.885,0,api
2026-09-15 02:30:00,57.9,72,2,29.881,0,api
2026-09-15 03:00:00,57.1,74,2,29.877,0,api
2026-09-15 03:30:00,56.5,75,2,29.886,0,api
2026-09-15 04:00:00,55.5,77,1,29.893,0,api
2026-09-15 04:30:00,55.5,77,2,29.898,0,api
2026-09-15 05:00:00,55.7,76,2,29.907,0,api
2026-09-15 05:30:00,54,80,0,29.922,0,api
2026-09-15 06:00:00,54.3,80,1,29.927,0,api
2026-09-15 06:30:00,53.8,80,1,29.933,0,api
2026-09-15 07:00:00,52.8,83,0,29.945,0,api
2026-09-15 07:30:00,54.8,80,0,29.952,0,api
2026-09-15 08:00:00,56.9,76,3,29.966,0,api
2026-09-15 08:30:00,58.2,73,4,29.979,0,api
2026-09-15 09:00:00,59.6,71,5,29.979,0,api
2026-09-15 09:30:00,61.3,70,5,29.984,0,api
2026-09-15 10:00:00,62.7,70,5,29.984,0,api
2026-09-15 10:30:00,64.9,70,4,29.985,0,api
2026-09-15 11:00:00,66.9,67,4,29.982,0,api
2026-09-15 11:30:00,67.8,61,4,29.976,0,api
2026-09-15 12:00:00,69.7,58,3,29.978,0,api
2026-09-15 12:30:00,71.5,58,3,29.971,0,api
2026-09-15 13:00:00,72.3,55,3,29.968,0,api
2026-09-15 13:30:00,72.8,53,3,29.96,0,api
2026-09-15 14:00:00,73.8,55,3,29.953,0,api
2026-09-15 14:30:00,73.4,53,3,29.943,0,api
2026-09-15 15:00:00,73.9,54,3,29.939,0,api
2026-09-15 15:30:00,74.6,53,3,29.931,0,api
2026-09-15 16:00:00,74.9,53,3,29.93,0,api
2026-09-15 16:30:00,74.8,52,3,29.924,0,api
2026-09-15 17:00:00,75.6,52,2,29.927,0,api
2026-09-15 17:30:00,74.9,53,3,29.929,0,api
2026-09-15 18:00:00,74.4,54,2,29.93,0,api
2026-09-15 18:30:00,73.1,55,2,29.925,0,api
2026-09-15 19:00:00,71,60,1,29.922,0,api
2026-09-15 19:30:00,67.7,66,1,29.927,0,api
2026-09-15 20:00:00,65.5,72,0,29.927,0,api
2026-09-15 20:30:00,64.2,74,0,29.93,0,api
2026-09-15 21:00:00,63.5,75,0,29.93,0,api
2026-09-15 21:30:00,62.8,76,0,29.942,0,api
2026-09-15 22:00:00,62.3,79,0,29.942,0,api
2026-09-15 22:30:00,64,78,3,29.95,0,api
2026-09-15 23:00:00,63.2,79,4,29.952,0,api
2026-09-15 23:30:00,62.4,81,3,29.941,0,api
2026-09-16 00:00:00,62.2,81,4,29.937,0,api
2026-09-16 00:30:00,61.6,82,5,29.936,0,api
2026-09-16 01:00:00,61.1,83,4,29.937,0,api
2026-09-16 01:30:00,60.6,83,1,29.937,0,api
2026-09-16 02:00:00,59.9,85,0,29.936,0,api
2026-09-16 02:30:00,59.3,86,0,29.933,0,api
2026-09-16 03:00:00,58.5,87,0,29.928,0,api
2026-09-16 03:30:00,57.9,89,0,29.93,0,api
2026-09-16 04:00:00,57.4,90,0,29.928,0,api
2026-09-16 04:30:00,57.7,91,0,29.924,0,api
2026-09-16 05:00:00,57.4,91,0,29.937,0,api
2026-09-16 05:30:00,57.5,91,0,29.938,0,api
2026-09-16 06:00:00,57.4,92,0,29.945,0,api
2026-09-16 06:30:00,57.4,92,0,29.945,0,api
2026-09-16 07:00:00,57.1,92,0,29.955,0,api
2026-09-16 07:30:00,58.7,93,0,29.965,0,api
2026-09-16 08:00:00,60.9,90,0,29.969,0,api
2026-09-16 08:30:00,62.5,87,1,29.969,0,api
2026-09-16 09:00:00,65.9,84,2,29.972,0,api
2026-09-16 09:30:00,68.2,81,3,29.979,0,api
2026-09-16 10:00:00,69.5,80,4,29.978,0,api
2026-09-16 10:30:00,71.2,79,4,29.978,0,api
2026-09-16 11:00:00,72.7,75,3,29.972,0,api
2026-09-16 11:30:00,74,74,4,29.97,0,api
2026-09-16 12:00:00,74.7,75,4,29.957,0,api
2026-09-16 12:30:00,76.6,70,3,29.947,0,api
2026-09-16 13:00:00,77.2,70,4,29.936,0,api
2026-09-16 13:30:00,78.9,69,4,29.93,0,api
2026-09-16 14:00:00,78.9,69,5,29.919,0,api
2026-09-16 14:30:00,79.1,69,5,29.911,0,api
2026-09-16 15:00:00,80.6,67,4,29.902,0,api
2026-09-16 15:30:00,80.9,67,5,29.892,0,api
2026-09-16 16:00:00,80.7,66,4,29.893,0,api
2026-09-16 16:30:00,81.1,68,3,29.89,0,api
2026-09-16 17:00:00,79.9,68,4,29.888,0,api
2026-09-16 17:30:00,79.6,66,3,29.886,0,api
2026-09-16 18:00:00,79,66,3,29.882,0,api
2026-09-16 18:30:00,78.3,68,3,29.88,0,api
2026-09-16 19:00:00,76.9,70,2,29.886,0,api
2026-09-16 19:30:00,74.8,74,1,29.884,0,api
2026-09-16 20:00:00,74.3,75,0,29.893,0,api
2026-09-16 20:30:00,74.4,75,1,29.896,0,api
2026-09-16 21:00:00,74.8,74,2,29.902,0,api
2026-09-16 21:30:00,74.4,75,1,29.909,0,api
2026-09-16 22:00:00,74,79,1,29.908,0,api
2026-09-16 22:30:00,73.5,81,1,29.904,0,api
2026-09-16 23:00:00,73.1,83,1,29.905,0,api
2026-09-16 23:30:00,72.3,84,1,29.896,0,api
2026-09-17 00:00:00,71.7,85,1,29.899,0,api
2026-09-17 00:30:00,70.9,86,0,29.891,0,api
2026-09-17 01:00:00,70.3,87,1,29.884,0,api
2026-09-17 01:30:00,70.1,88,1,29.875,0,api
2026-09-17 02:00:00,69.6,89,0,29.867,0,api
2026-09-17 02:30:00,69.3,90,0,29.865,0,api
2026-09-17 03:00:00,69.7,90,1,29.862,0,api
2026-09-17 03:30:00,70,88,1,29.855,0,api
2026-09-17 04:00:00,70.1,88,1,29.857,0,api
2026-09-17 04:30:00,70,88,1,29.853,0,api
2026-09-17 05:00:00,69.7,90,1,29.847,0,api
2026-09-17 05:30:00,69.3,91,1,29.844,0,api
2026-09-17 06:00:00,69,92,0,29.837,0,api
2026-09-17 06:30:00,68.6,93,0,29.841,0,api
2026-09-17 07:00:00,68.1,93,0,29.843,0,api
2026-09-17 07:30:00,68.2,94,0,29.846,0,api
2026-09-17 08:00:00,68.8,95,0,29.851,0,api
2026-09-17 08:30:00,70.9,93,1,29.838,0,api
2026-09-17 09:00:00,72.5,90,2,29.836,0,api
2026-09-17 09:30:00,73.5,88,2,29.836,0,api
2026-09-17 10:00:00,75.5,83,3,29.843,0,api
2026-09-17 10:30:00,75.9,84,4,29.85,0,api
2026-09-17 11:00:00,76.9,83,4,29.855,0,api
2026-09-17 11:30:00,75.9,85,4,29.83,0.02,api
2026-09-17 12:00:00,77.2,88,2,29.814,0,api
2026-09-17 12:30:00,79.8,83,3,29.802,0,api
2026-09-17 13:00:00,80.5,76,4,29.792,0,api
2026-09-17 13:30:00,79.9,76,5,29.79,0,api
2026-09-17 14:00:00,75.5,86,5,29.783,0.01,api
2026-09-17 14:30:00,77.2,86,3,29.762,0.01,api
2026-09-17 15:00:00,77.9,81,6,29.745,0,api
2026-09-17 15:30:00,78.9,80,6,29.733,0,api
2026-09-17 16:00:00,79.6,78,4,29.721,0,api
2026-09-17 16:30:00,80.8,78,5,29.72,0,api
2026-09-17 17:00:00,80.8,75,5,29.708,0,api
2026-09-17 17:30:00,79.3,78,3,29.709,0,api
2026-09-17 18:00:00,78.5,80,3,29.705,0,api
2026-09-17 18:30:00,78,81,2,29.705,0,api
2026-09-17 19:00:00,77.4,82,2,29.709,0,api
2026-09-17 19:30:00,76.6,84,1,29.702,0,api
2026-09-17 20:00:00,75.4,86,0,29.699,0,api
2026-09-17 20:30:00,75.1,86,0,29.703,0,api
2026-09-17 21:00:00,74.5,87,0,29.707,0,api
2026-09-17 21:30:00,73.9,88,1,29.699,0,api
2026-09-17 22:00:00,73.6,89,1,29.694,0,api
2026-09-17 22:30:00,74,89,1,29.689,0,api
2026-09-17 23:00:00,74.4,89,2,29.694,0,api
2026-09-17 23:30:00,73.5,91,1,29.689,0,api
2026-09-18 00:00:00,73.2,93,1,29.684,0,api
2026-09-18 00:30:00,73.1,93,1,29.675,0,api
2026-09-18 01:00:00,73,94,1,29.668,0,api
2026-09-18 01:30:00,72.8,93,2,29.661,0,api
2026-09-18 02:00:00,72.8,93,1,29.663,0,api
2026-09-18 02:30:00,72.8,94,1,29.659,0,api
2026-09-18 03:00:00,72.7,94,1,29.652,0,api
2026-09-18 03:30:00,72.6,94,1,29.65,0,api
2026-09-18 04:00:00,72.1,94,2,29.646,0,api
2026-09-18 04:30:00,71.7,94,2,29.649,0,api
2026-09-18 05:00:00,71.6,95,2,29.647,0,api
2026-09-18 05:30:00,71.5,95,2,29.644,0,api
2026-09-18 06:00:00,71.3,95,2,29.649,0,api
2026-09-18 06:30:00,71.2,95,2,29.657,0,api
2026-09-18 07:00:00,71.2,95,1,29.667,0,api
2026-09-18 07:30:00,71.3,95,1,29.679,0,api
2026-09-18 08:00:00,71.9,95,1,29.686,0,api
2026-09-18 08:30:00,72.4,95,1,29.686,0,api
2026-09-18 09:00:00,73.2,92,5,29.691,0,api
2026-09-18 09:30:00,73,92,5,29.702,0,api
2026-09-18 10:00:00,72.3,91,5,29.708,0,api
2026-09-18 10:30:00,73,90,3,29.706,0,api
2026-09-18 11:00:00,74.5,86,3,29.707,0,api
2026-09-18 11:30:00,75.8,81,5,29.711,0,api
2026-09-18 12:00:00,76.3,76,5,29.707,0,api
2026-09-18 12:30:00,77.4,72,5,29.697,0,api
2026-09-18 13:00:00,79.6,66,5,29.692,0,api
2026-09-18 13:30:00,80.4,64,7,29.689,0,api
2026-09-18 14:00:00,81.3,59,6,29.68,0,api
2026-09-18 14:30:00,82.3,59,5,29.668,0,api
2026-09-18 15:00:00,82,58,8,29.659,0,api
2026-09-18 15:30:00,82,58,8,29.656,0,api
2026-09-18 16:00:00,82.2,59,7,29.652,0,api
2026-09-18 16:30:00,82.1,60,7,29.655,0,api
2026-09-18 17:00:00,80.9,59,8,29.654,0,api
2026-09-18 17:30:00,80.9,60,8,29.664,0,api
2026-09-18 18:00:00,80.4,61,7,29.667,0,api
2026-09-18 18:30:00,79.4,62,5,29.666,0,api
2026-09-18 19:00:00,77.2,61,5,29.669,0,api
2026-09-18 19:30:00,75.6,61,4,29.678,0,api
2026-09-18 20:00:00,74.1,62,4,29.686,0,api
2026-09-18 20:30:00,73.3,62,4,29.697,0,api
2026-09-18 21:00:00,72.6,64,4,29.706,0,api
2026-09-18 21:30:00,71.7,66,6,29.707,0,api
2026-09-18 22:00:00,70.9,68,8,29.71,0,api
2026-09-18 22:30:00,70.1,69,8,29.71,0,api
2026-09-18 23:00:00,69.5,70,6,29.714,0,api
2026-09-18 23:30:00,68.6,71,3,29.718,0,api
2026-09-19 00:00:00,67.9,71,3,29.725,0,api
2026-09-19 00:30:00,67.2,72,3,29.726,0,api
2026-09-19 01:00:00,66.6,73,3,29.727,0,api
2026-09-19 01:30:00,66,74,3,29.725,0,api
2026-09-19 02:00:00,65.9,72,4,29.72,0,api
2026-09-19 02:30:00,65.1,73,5,29.722,0,api
2026-09-19 03:00:00,64.3,74,5,29.717,0,api
2026-09-19 03:30:00,63.4,75,4,29.717,0,api
2026-09-19 04:00:00,63.2,76,4,29.721,0,api
2026-09-19 04:30:00,63,76,4,29.721,0,api
2026-09-19 05:00:00,62.3,77,3,29.72,0,api
2026-09-19 05:30:00,61.6,79,3,29.728,0,api
2026-09-19 06:00:00,61.1,79,4,29.736,0,api
2026-09-19 06:30:00,60.9,79,3,29.737,0,api
2026-09-19 07:00:00,61,79,3,29.746,0,api
2026-09-19 07:30:00,60.9,80,3,29.748,0,api
2026-09-19 08:00:00,61.1,80,4,29.761,0,api
2026-09-19 08:30:00,62.6,78,4,29.761,0,api
2026-09-19 09:00:00,62.8,76,6,29.771,0,api
2026-09-19 09:30:00,63.5,76,6,29.767,0,api
2026-09-19 10:00:00,65.4,73,7,29.77,0,api
2026-09-19 10:30:00,66.8,70,8,29.774,0,api
2026-09-19 11:00:00,67.5,70,8,29.775,0,api
2026-09-19 11:30:00,68.9,69,6,29.77,0,api
2026-09-19 12:00:00,69.1,69,6,29.765,0,api
2026-09-19 12:30:00,70.7,66,5,29.764,0,api
2026-09-19 13:00:00,71.4,65,5,29.753,0,api
2026-09-19 13:30:00,71.5,66,6,29.746,0,api
2026-09-19 14:00:00,72.8,64,5,29.737,0,api
2026-09-19 14:30:00,72.5,66,4,29.728,0,api
2026-09-19 15:00:00,72.2,66,6,29.726,0,api
2026-09-19 15:30:00,72.8,65,5,29.72,0,api
2026-09-19 16:00:00,72.7,66,5,29.715,0,api
2026-09-19 16:30:00,72,69,4,29.71,0,api
2026-09-19 17:00:00,71.4,71,4,29.713,0,api
2026-09-19 17:30:00,70.6,74,6,29.709,0,api
2026-09-19 18:00:00,70.1,75,5,29.708,0,api
2026-09-19 18:30:00,69.3,76,6,29.712,0,api
2026-09-19 19:00:00,68.5,78,6,29.707,0,api
2026-09-19 19:30:00,67.7,79,6,29.697,0,api
2026-09-19 20:00:00,67.1,81,6,29.702,0,api
2026-09-19 20:30:00,66.8,81,4,29.719,0,api
2026-09-19 21:00:00,66.6,82,3,29.73,0,api
2026-09-19 21:30:00,66.5,82,4,29.726,0,api
2026-09-19 22:00:00,66.2,82,4,29.725,0,api
2026-09-19 22:30:00,66,83,3,29.724,0,api
2026-09-19 23:00:00,65.9,83,5,29.717,0,api
2026-09-19 23:30:00,65.9,83,5,29.712,0,api
2026-09-20 00:00:00,65.9,84,4,29.704,0,api
2026-09-20 00:30:00,65.9,85,5,29.699,0,api
2026-09-20 01:00:00,65.1,88,5,29.685,0,api
2026-09-20 01:30:00,64.9,88,4,29.678,0,api
2026-09-20 02:00:00,64.2,91,5,29.67,0,api
2026-09-20 02:30:00,63.9,93,4,29.666,0.02,api
2026-09-20 03:00:00,63.9,94,4,29.646,0.03,api
2026-09-20 03:30:00,63.9,94,5,29.633,0.03,api
2026-09-20 04:00:00,64,94,5,29.625,0,api
2026-09-20 04:30:00,64.1,94,4,29.62,0.02,api
2026-09-20 05:00:00,64.2,95,4,29.609,0.01,api
2026-09-20 05:30:00,64.3,95,3,29.596,0,api
2026-09-20 06:00:00,64.6,95,3,29.608,0.04,api
2026-09-20 06:30:00,64.6,95,3,29.605,0.02,api
2026-09-20 07:00:00,64.9,95,2,29.616,0.01,api
2026-09-20 07:30:00,65,95,1,29.609,0.049999997,api
2026-09-20 08:00:00,65.2,95,1,29.607,0.01,api
2026-09-20 08:30:00,65.6,96,1,29.615,0.03,api
2026-09-20 09:00:00,66,96,2,29.601,0.04,api
2026-09-20 09:30:00,66.5,96,2,29.588,0.03,api
2026-09-20 10:00:00,67.2,96,2,29.588,0.02,api
2026-09-20 10:30:00,67.5,96,2,29.581,0.02,api
2026-09-20 11:00:00,67.7,95,4,29.572,0,api
2026-09-20 11:30:00,67.9,95,3,29.567,0,api
2026-09-20 12:00:00,68.5,95,4,29.559,0,api
2026-09-20 12:30:00,69.6,95,3,29.553,0,api
2026-09-20 13:00:00,70.5,93,3,29.545,0,api
2026-09-20 13:30:00,71.5,93,3,29.537,0,api
2026-09-20 14:00:00,73.3,91,2,29.528,0,api
2026-09-20 14:30:00,73.5,88,4,29.52,0,api
2026-09-20 15:00:00,73.5,89,3,29.518,0,api
2026-09-20 15:30:00,73.3,89,2,29.512,0,api
2026-09-20 16:00:00,72.8,92,1,29.505,0.02,api
2026-09-20 16:30:00,72.6,93,1,29.498,0,api
2026-09-20 17:00:00,72.8,93,1,29.486,0,api
2026-09-20 17:30:00,73.1,93,1,29.487,0,api
2026-09-20 18:00:00,73.2,93,0,29.49,0,api
2026-09-20 18:30:00,72.7,93,0,29.491,0,api
2026-09-20 19:00:00,72.7,93,1,29.487,0,api
2026-09-20 19:30:00,72.3,94,0,29.484,0,api
2026-09-20 20:00:00,72.1,94,0,29.488,0,api
2026-09-20 20:30:00,71.8,95,1,29.505,0.01,api
2026-09-20 21:00:00,71.5,95,3,29.506,0.06,api
2026-09-20 21:30:00,70.6,95,3,29.509,0.37,api
2026-09-20 22:00:00,70.4,96,1,29.504,0.049999997,api
2026-09-20 22:30:00,70.2,96,2,29.511,0.03,api
2026-09-20 23:00:00,69.7,96,5,29.519,0.02,api
2026-09-20 23:30:00,67.4,95,8,29.533,0.06,api
2026-09-21 00:00:00,65.9,95,9,29.544,0.02,api
2026-09-21 00:30:00,65.5,95,7,29.555,0,api
2026-09-21 01:00:00,65.6,95,4,29.55,0,api
2026-09-21 01:30:00,65.7,95,4,29.551,0,api
2026-09-21 02:00:00,65.9,95,4,29.561,0,api
2026-09-21 02:30:00,66,94,5,29.555,0,api
2026-09-21 03:00:00,65.8,93,5,29.559,0,api
2026-09-21 03:30:00,65.2,93,4,29.567,0,api
2026-09-21 04:00:00,64.7,93,4,29.567,0,api
2026-09-21 04:30:00,64.4,92,5,29.581,0,api
2026-09-21 05:00:00,63.9,90,5,29.59,0,api
2026-09-21 05:30:00,63.6,90,5,29.597,0,api
2026-09-21 06:00:00,63.3,90,6,29.598,0,api
2026-09-21 06:30:00,62.9,90,7,29.611,0,api
2026-09-21 07:00:00,62.8,90,5,29.624,0,api
2026-09-21 07:30:00,62.9,89,5,29.631,0,api
2026-09-21 08:00:00,63,89,4,29.644,0,api
2026-09-21 08:30:00,63,89,4,29.648,0.01,api
2026-09-21 09:00:00,63.2,88,7,29.653,0,api
2026-09-21 09:30:00,64,87,8,29.657,0,api
2026-09-21 10:00:00,65.2,85,7,29.661,0,api
2026-09-21 10:30:00,66.7,78,8,29.672,0,api
2026-09-21 11:00:00,67.3,76,9,29.68,0,api
2026-09-21 11:30:00,68.3,70,8,29.687,0,api
2026-09-21 12:00:00,68.9,69,9,29.687,0,api
2026-09-21 12:30:00,70.3,68,7,29.683,0,api
2026-09-21 13:00:00,70.4,64,7,29.679,0,api
2026-09-21 13:30:00,69.9,66,6,29.677,0,api
2026-09-21 14:00:00,69.3,66,5,29.673,0,api
2026-09-21 14:30:00,69,68,7,29.668,0,api
2026-09-21 15:00:00,69.4,68,6,29.67,0,api
2026-09-21 15:30:00,69.4,70,6,29.67,0,api
2026-09-21 16:00:00,68.9,73,4,29.667,0,api
2026-09-21 16:30:00,68.9,74,4,29.665,0,api
2026-09-21 17:00:00,68.6,74,5,29.665,0,api
2026-09-21 17:30:00,68.6,75,4,29.662,0,api
2026-09-21 18:00:00,68.6,77,3,29.673,0,api
2026-09-21 18:30:00,67.2,75,3,29.677,0,api
2026-09-21 19:00:00,66.2,77,3,29.68,0,api
2026-09-21 19:30:00,66.5,74,4,29.678,0,api
2026-09-21 20:00:00,66.5,73,5,29.692,0,api
2026-09-21 20:30:00,63.3,85,2,29.713,0.03,api
2026-09-21 21:00:00,63.1,91,1,29.728,0,api
2026-09-21 21:30:00,63.6,89,3,29.736,0,api
2026-09-21 22:00:00,63.4,86,3,29.745,0,api
2026-09-21 22:30:00,63.2,86,2,29.743,0,api
2026-09-21 23:00:00,63.2,86,2,29.743,0,api
2026-09-21 23:30:00,63.3,86,4,29.733,0,api
2026-09-22 00:00:00,62.7,88,2,29.745,0.02,api
2026-09-22 00:30:00,61.6,91,2,29.768,0.04,api
2026-09-22 01:00:00,61.1,93,3,29.759,0.03,api
2026-09-22 01:30:00,60.9,94,4,29.756,0,api
2026-09-22 02:00:00,61,94,4,29.758,0,api
2026-09-22 02:30:00,60.5,94,5,29.764,0.01,api
2026-09-22 03:00:00,60.2,93,7,29.766,0.04,api
2026-09-22 03:30:00,58.7,93,7,29.769,0.06,api
2026-09-22 04:00:00,57.7,94,7,29.77,0.01,api
2026-09-22 04:30:00,57.5,94,8,29.766,0.04,api
2026-09-22 05:00:00,57.4,94,6,29.778,0.01,api
2026-09-22 05:30:00,57,94,6,29.77,0.049999997,api
2026-09-22 06:00:00,56.6,94,7,29.775,0.02,api
2026-09-22 06:30:00,56.3,94,6,29.797,0.02,api
2026-09-22 07:00:00,56,94,7,29.811,0.02,api
2026-09-22 07:30:00,55.5,94,8,29.82,0.04,api
2026-09-22 08:00:00,55.5,94,6,29.826,0.049999997,api
2026-09-22 08:30:00,55.8,95,4,29.838,0.07,api
2026-09-22 09:00:00,56,95,6,29.842,0.03,api
2026-09-22 09:30:00,56.5,95,5,29.849,0,api
2026-09-22 10:00:00,56.7,94,6,29.855,0,api
2026-09-22 10:30:00,56.9,94,5,29.859,0,api
2026-09-22 11:00:00,57.4,92,6,29.859,0.01,api
2026-09-22 11:30:00,58.1,91,7,29.859,0,api
2026-09-22 12:00:00,59.3,88,7,29.859,0,api
2026-09-22 12:30:00,60.1,86,8,29.862,0,api
2026-09-22 13:00:00,60.6,84,9,29.862,0,api
2026-09-22 13:30:00,61.3,83,9,29.863,0,api
2026-09-22 14:00:00,61.4,82,10,29.858,0,api
2026-09-22 14:30:00,61,83,8,29.859,0,api
2026-09-22 15:00:00,60.5,84,8,29.857,0,api
2026-09-22 15:30:00,60.1,86,8,29.861,0,api
2026-09-22 16:00:00,59.5,88,6,29.864,0,api
2026-09-22 16:30:00,59,88,7,29.864,0,api
2026-09-22 17:00:00,58.8,89,6,29.869,0.02,api
2026-09-22 17:30:00,58.9,92,3,29.867,0.01,api
2026-09-22 18:00:00,59.1,93,2,29.874,0.01,api
2026-09-22 18:30:00,59.1,93,1,29.883,0,api
2026-09-22 19:00:00,59.3,93,2,29.889,0,api
2026-09-22 19:30:00,59.3,93,3,29.893,0.01,api
2026-09-22 20:00:00,59.4,93,2,29.898,0,api
2026-09-22 20:30:00,59.4,94,1,29.906,0,api
2026-09-22 21:00:00,59.2,94,2,29.911,0,api
2026-09-22 21:30:00,59.2,94,2,29.913,0,api
2026-09-22 22:00:00,59.1,93,3,29.915,0,api
2026-09-22 22:30:00,59.3,91,5,29.914,0,api
2026-09-22 23:00:00,59.2,90,3,29.924,0,api
2026-09-22 23:30:00,59.3,88,4,29.93,0,api
2026-09-23 00:00:00,59.1,87,4,29.929,0,api
2026-09-23 00:30:00,59,84,5,29.927,0,api
2026-09-23 01:00:00,58.6,84,5,29.924,0,api
2026-09-23 01:30:00,58.2,82,5,29.922,0,api
2026-09-23 02:00:00,57.6,77,6,29.926,0,api
2026-09-23 02:30:00,57.1,74,6,29.932,0,api
2026-09-23 03:00:00,56.4,73,6,29.925,0,api
2026-09-23 03:30:00,55.9,70,6,29.925,0,api
2026-09-23 04:00:00,55.5,70,6,29.926,0,api
2026-09-23 04:30:00,55.1,70,5,29.933,0,api
2026-09-23 05:00:00,54.7,72,6,29.929,0,api
2026-09-23 05:30:00,54.4,72,6,29.936,0,api
2026-09-23 06:00:00,54.3,74,7,29.945,0,api
2026-09-23 06:30:00,54.1,75,7,29.955,0,api
2026-09-23 07:00:00,54,76,7,29.959,0,api
2026-09-23 07:30:00,54,77,6,29.971,0,api
2026-09-23 08:00:00,53.9,78,7,29.979,0,api
2026-09-23 08:30:00,54.1,79,8,29.989,0,api
2026-09-23 09:00:00,54.6,79,9,29.987,0,api
2026-09-23 09:30:00,55.5,79,9,29.987,0,api
2026-09-23 10:00:00,56.4,78,10,29.997,0,api
2026-09-23 10:30:00,58.4,77,11,30.001,0,api
2026-09-23 11:00:00,58.2,77,11,30.017,0,api
2026-09-23 11:30:00,58.9,77,11,30.015,0,api
2026-09-23 12:00:00,60.7,75,8,30.009,0,api
2026-09-23 12:30:00,62.5,69,9,30.004,0,api
2026-09-23 13:00:00,62.4,68,11,30,0,api
2026-09-23 13:30:00,64.1,67,12,29.99,0,api
2026-09-23 14:00:00,64.7,64,12,29.988,0,api
2026-09-23 14:30:00,64.3,64,12,29.987,0,api
2026-09-23 15:00:00,64.6,64,11,29.977,0,api
2026-09-23 15:30:00,65.1,62,11,29.976,0,api
2026-09-23 16:00:00,66.1,61,10,29.975,0,api
2026-09-23 16:30:00,65,63,11,29.98,0,api
2026-09-23 17:00:00,64.7,64,11,29.984,0,api
2026-09-23 17:30:00,64.5,65,9,29.979,0,api
2026-09-23 18:00:00,64.3,65,9,29.99,0,api
2026-09-23 18:30:00,63.5,66,7,29.988,0,api
2026-09-23 19:00:00,62.6,67,6,29.987,0,api
2026-09-23 19:30:00,61.5,69,4,29.985,0,api
2026-09-23 20:00:00,60.6,70,4,29.99,0,api
2026-09-23 20:30:00,59.8,72,3,29.998,0,api
2026-09-23 21:00:00,59.3,73,4,30.003,0,api
2026-09-23 21:30:00,58.5,76,4,30.004,0,api
2026-09-23 22:00:00,57.8,77,4,30.01,0,api
2026-09-23 22:30:00,56.9,79,4,30.007,0,api
2026-09-23 23:00:00,56.2,80,3,30.006,0,api
2026-09-23 23:30:00,55.7,79,4,30.007,0,api
2026-09-24 00:00:00,55,79,4,30.002,0,api
2026-09-24 00:30:00,54.7,78,5,30.001,0,api
2026-09-24 01:00:00,54.2,77,6,29.993,0,api
2026-09-24 01:30:00,53.5,77,5,29.993,0,api
2026-09-24 02:00:00,53,77,5,29.989,0,api
2026-09-24 02:30:00,52.3,77,5,29.981,0,api
2026-09-24 03:00:00,51.5,77,5,29.976,0,api
2026-09-24 03:30:00,50.8,78,4,29.975,0,api
2026-09-24 04:00:00,50.3,78,3,29.974,0,api
2026-09-24 04:30:00,49.7,79,4,29.975,0,api
2026-09-24 05:00:00,49.6,80,4,29.978,0,api
2026-09-24 05:30:00,50.3,80,4,29.976,0,api
2026-09-24 06:00:00,49.7,81,5,29.967,0,api
2026-09-24 06:30:00,49.2,83,4,29.972,0,api
2026-09-24 07:00:00,49.4,84,4,29.98,0,api
2026-09-24 07:30:00,50.2,84,4,29.99,0,api
2026-09-24 08:00:00,51,83,5,29.997,0,api
2026-09-24 08:30:00,51.4,83,5,29.995,0,api
2026-09-24 09:00:00,52.2,83,6,29.996,0,api
2026-09-24 09:30:00,53.1,82,6,29.998,0,api
2026-09-24 10:00:00,54.3,79,7,29.993,0,api
2026-09-24 10:30:00,55.3,78,9,30,0,api
2026-09-24 11:00:00,55.5,74,10,30,0,api
2026-09-24 11:30:00,56.2,73,11,29.992,0,api
2026-09-24 12:00:00,58.3,70,9,29.979,0,api
2026-09-24 12:30:00,59.2,70,8,29.97,0,api
2026-09-24 13:00:00,60.5,67,8,29.954,0,api
2026-09-24 13:30:00,61.5,65,9,29.94,0,api
2026-09-24 14:00:00,62.5,62,10,29.93,0,api
2026-09-24 14:30:00,63.3,61,8,29.91,0,api
2026-09-24 15:00:00,64.1,60,8,29.894,0,api
2026-09-24 15:30:00,64.4,58,9,29.888,0,api
2026-09-24 16:00:00,64.4,61,8,29.882,0,api
2026-09-24 16:30:00,65,59,8,29.88,0,api
2026-09-24 17:00:00,64.7,61,8,29.88,0,api
2026-09-24 17:30:00,64,60,8,29.881,0,api
2026-09-24 18:00:00,63.3,63,6,29.868,0,api
2026-09-24 18:30:00,62.6,63,4,29.868,0,api
2026-09-24 19:00:00,61.5,65,3,29.862,0,api
2026-09-24 19:30:00,60,68,1,29.864,0,api
2026-09-24 20:00:00,58.6,68,0,29.857,0,api
2026-09-24 20:30:00,58.2,68,1,29.861,0,api
2026-09-24 21:00:00,58.2,69,1,29.862,0,api
2026-09-24 21:30:00,58.4,69,3,29.853,0,api
2026-09-24 22:00:00,57.9,70,3,29.851,0,api
2026-09-24 22:30:00,57.7,70,3,29.842,0,api
2026-09-24 23:00:00,57.7,70,4,29.834,0,api
2026-09-24 23:30:00,57.4,70,4,29.829,0,api
2026-09-25 00:00:00,57.3,71,5,29.819,0,api
2026-09-25 00:30:00,57,72,5,29.819,0,api
2026-09-25 01:00:00,56.2,74,5,29.808,0,api
2026-09-25 01:30:00,56.4,71,7,29.798,0,api
2026-09-25 02:00:00,56,71,7,29.788,0,api
2026-09-25 02:30:00,55.6,71,6,29.782,0,api
2026-09-25 03:00:00,55.2,72,5,29.772,0,api
2026-09-25 03:30:00,55.2,71,6,29.758,0,api
2026-09-25 04:00:00,55.2,71,7,29.75,0,api
2026-09-25 04:30:00,54.7,72,7,29.731,0,api
2026-09-25 05:00:00,54.6,72,7,29.738,0,api
2026-09-25 05:30:00,53.9,73,7,29.74,0,api
2026-09-25 06:00:00,53.5,74,6,29.741,0,api
2026-09-25 06:30:00,53.2,75,6,29.73,0,api
2026-09-25 07:00:00,52.9,75,6,29.739,0,api
2026-09-25 07:30:00,52.9,75,6,29.731,0,api
2026-09-25 08:00:00,53.2,75,7,29.725,0,api
2026-09-25 08:30:00,53.8,75,7,29.733,0,api
2026-09-25 09:00:00,56.1,73,9,29.725,0,api
2026-09-25 09:30:00,57.3,70,10,29.725,0,api
